Year,Quarter,NamedCost,COICOP,CDID,Source,Websource,ExpenditureValue,GroupTotal,Year_Quarter
1997,Q1,Alcoholicbeveragesandtobacco_note1,02,ADFL,02CN,https://www.ons.gov.uk/search?q=ADFL,7207000000.0,0,1997 Q1
1997,Q2,Alcoholicbeveragesandtobacco_note1,02,ADFL,02CN,https://www.ons.gov.uk/search?q=ADFL,7529000000.0,0,1997 Q2
1997,Q3,Alcoholicbeveragesandtobacco_note1,02,ADFL,02CN,https://www.ons.gov.uk/search?q=ADFL,7563000000.0,0,1997 Q3
1997,Q4,Alcoholicbeveragesandtobacco_note1,02,ADFL,02CN,https://www.ons.gov.uk/search?q=ADFL,8251000000.0,0,1997 Q4
1998,Q1,Alcoholicbeveragesandtobacco_note1,02,ADFL,02CN,https://www.ons.gov.uk/search?q=ADFL,7619000000.0,0,1998 Q1
1998,Q2,Alcoholicbeveragesandtobacco_note1,02,ADFL,02CN,https://www.ons.gov.uk/search?q=ADFL,7897000000.0,0,1998 Q2
1998,Q3,Alcoholicbeveragesandtobacco_note1,02,ADFL,02CN,https://www.ons.gov.uk/search?q=ADFL,7593000000.0,0,1998 Q3
1998,Q4,Alcoholicbeveragesandtobacco_note1,02,ADFL,02CN,https://www.ons.gov.uk/search?q=ADFL,8194000000.0,0,1998 Q4
1999,Q1,Alcoholicbeveragesandtobacco_note1,02,ADFL,02CN,https://www.ons.gov.uk/search?q=ADFL,7590000000.0,0,1999 Q1
1999,Q2,Alcoholicbeveragesandtobacco_note1,02,ADFL,02CN,https://www.ons.gov.uk/search?q=ADFL,7951000000.0,0,1999 Q2
1999,Q3,Alcoholicbeveragesandtobacco_note1,02,ADFL,02CN,https://www.ons.gov.uk/search?q=ADFL,7934000000.0,0,1999 Q3
1999,Q4,Alcoholicbeveragesandtobacco_note1,02,ADFL,02CN,https://www.ons.gov.uk/search?q=ADFL,8718000000.0,0,1999 Q4
2000,Q1,Alcoholicbeveragesandtobacco_note1,02,ADFL,02CN,https://www.ons.gov.uk/search?q=ADFL,7724000000.0,0,2000 Q1
2000,Q2,Alcoholicbeveragesandtobacco_note1,02,ADFL,02CN,https://www.ons.gov.uk/search?q=ADFL,8115000000.0,0,2000 Q2
2000,Q3,Alcoholicbeveragesandtobacco_note1,02,ADFL,02CN,https://www.ons.gov.uk/search?q=ADFL,8054000000.0,0,2000 Q3
2000,Q4,Alcoholicbeveragesandtobacco_note1,02,ADFL,02CN,https://www.ons.gov.uk/search?q=ADFL,8745000000.0,0,2000 Q4
2001,Q1,Alcoholicbeveragesandtobacco_note1,02,ADFL,02CN,https://www.ons.gov.uk/search?q=ADFL,7788000000.0,0,2001 Q1
2001,Q2,Alcoholicbeveragesandtobacco_note1,02,ADFL,02CN,https://www.ons.gov.uk/search?q=ADFL,8167000000.0,0,2001 Q2
2001,Q3,Alcoholicbeveragesandtobacco_note1,02,ADFL,02CN,https://www.ons.gov.uk/search?q=ADFL,8059000000.0,0,2001 Q3
2001,Q4,Alcoholicbeveragesandtobacco_note1,02,ADFL,02CN,https://www.ons.gov.uk/search?q=ADFL,8709000000.0,0,2001 Q4
2002,Q1,Alcoholicbeveragesandtobacco_note1,02,ADFL,02CN,https://www.ons.gov.uk/search?q=ADFL,7691000000.0,0,2002 Q1
2002,Q2,Alcoholicbeveragesandtobacco_note1,02,ADFL,02CN,https://www.ons.gov.uk/search?q=ADFL,8031000000.0,0,2002 Q2
2002,Q3,Alcoholicbeveragesandtobacco_note1,02,ADFL,02CN,https://www.ons.gov.uk/search?q=ADFL,7988000000.0,0,2002 Q3
2002,Q4,Alcoholicbeveragesandtobacco_note1,02,ADFL,02CN,https://www.ons.gov.uk/search?q=ADFL,8815000000.0,0,2002 Q4
2003,Q1,Alcoholicbeveragesandtobacco_note1,02,ADFL,02CN,https://www.ons.gov.uk/search?q=ADFL,7844000000.0,0,2003 Q1
2003,Q2,Alcoholicbeveragesandtobacco_note1,02,ADFL,02CN,https://www.ons.gov.uk/search?q=ADFL,8183000000.0,0,2003 Q2
2003,Q3,Alcoholicbeveragesandtobacco_note1,02,ADFL,02CN,https://www.ons.gov.uk/search?q=ADFL,8210000000.0,0,2003 Q3
2003,Q4,Alcoholicbeveragesandtobacco_note1,02,ADFL,02CN,https://www.ons.gov.uk/search?q=ADFL,8990000000.0,0,2003 Q4
2004,Q1,Alcoholicbeveragesandtobacco_note1,02,ADFL,02CN,https://www.ons.gov.uk/search?q=ADFL,7740000000.0,0,2004 Q1
2004,Q2,Alcoholicbeveragesandtobacco_note1,02,ADFL,02CN,https://www.ons.gov.uk/search?q=ADFL,8031000000.0,0,2004 Q2
2004,Q3,Alcoholicbeveragesandtobacco_note1,02,ADFL,02CN,https://www.ons.gov.uk/search?q=ADFL,7908000000.0,0,2004 Q3
2004,Q4,Alcoholicbeveragesandtobacco_note1,02,ADFL,02CN,https://www.ons.gov.uk/search?q=ADFL,8776000000.0,0,2004 Q4
2005,Q1,Alcoholicbeveragesandtobacco_note1,02,ADFL,02CN,https://www.ons.gov.uk/search?q=ADFL,7705000000.0,0,2005 Q1
2005,Q2,Alcoholicbeveragesandtobacco_note1,02,ADFL,02CN,https://www.ons.gov.uk/search?q=ADFL,8102000000.0,0,2005 Q2
2005,Q3,Alcoholicbeveragesandtobacco_note1,02,ADFL,02CN,https://www.ons.gov.uk/search?q=ADFL,8335000000.0,0,2005 Q3
2005,Q4,Alcoholicbeveragesandtobacco_note1,02,ADFL,02CN,https://www.ons.gov.uk/search?q=ADFL,9256000000.0,0,2005 Q4
2006,Q1,Alcoholicbeveragesandtobacco_note1,02,ADFL,02CN,https://www.ons.gov.uk/search?q=ADFL,8107000000.0,0,2006 Q1
2006,Q2,Alcoholicbeveragesandtobacco_note1,02,ADFL,02CN,https://www.ons.gov.uk/search?q=ADFL,8738000000.0,0,2006 Q2
2006,Q3,Alcoholicbeveragesandtobacco_note1,02,ADFL,02CN,https://www.ons.gov.uk/search?q=ADFL,8747000000.0,0,2006 Q3
2006,Q4,Alcoholicbeveragesandtobacco_note1,02,ADFL,02CN,https://www.ons.gov.uk/search?q=ADFL,9267000000.0,0,2006 Q4
2007,Q1,Alcoholicbeveragesandtobacco_note1,02,ADFL,02CN,https://www.ons.gov.uk/search?q=ADFL,8226000000.0,0,2007 Q1
2007,Q2,Alcoholicbeveragesandtobacco_note1,02,ADFL,02CN,https://www.ons.gov.uk/search?q=ADFL,8340000000.0,0,2007 Q2
2007,Q3,Alcoholicbeveragesandtobacco_note1,02,ADFL,02CN,https://www.ons.gov.uk/search?q=ADFL,8277000000.0,0,2007 Q3
2007,Q4,Alcoholicbeveragesandtobacco_note1,02,ADFL,02CN,https://www.ons.gov.uk/search?q=ADFL,8958000000.0,0,2007 Q4
2008,Q1,Alcoholicbeveragesandtobacco_note1,02,ADFL,02CN,https://www.ons.gov.uk/search?q=ADFL,7812000000.0,0,2008 Q1
2008,Q2,Alcoholicbeveragesandtobacco_note1,02,ADFL,02CN,https://www.ons.gov.uk/search?q=ADFL,8461000000.0,0,2008 Q2
2008,Q3,Alcoholicbeveragesandtobacco_note1,02,ADFL,02CN,https://www.ons.gov.uk/search?q=ADFL,8728000000.0,0,2008 Q3
2008,Q4,Alcoholicbeveragesandtobacco_note1,02,ADFL,02CN,https://www.ons.gov.uk/search?q=ADFL,9824000000.0,0,2008 Q4
2009,Q1,Alcoholicbeveragesandtobacco_note1,02,ADFL,02CN,https://www.ons.gov.uk/search?q=ADFL,8685000000.0,0,2009 Q1
2009,Q2,Alcoholicbeveragesandtobacco_note1,02,ADFL,02CN,https://www.ons.gov.uk/search?q=ADFL,9325000000.0,0,2009 Q2
2009,Q3,Alcoholicbeveragesandtobacco_note1,02,ADFL,02CN,https://www.ons.gov.uk/search?q=ADFL,9335000000.0,0,2009 Q3
2009,Q4,Alcoholicbeveragesandtobacco_note1,02,ADFL,02CN,https://www.ons.gov.uk/search?q=ADFL,10089000000.0,0,2009 Q4
2010,Q1,Alcoholicbeveragesandtobacco_note1,02,ADFL,02CN,https://www.ons.gov.uk/search?q=ADFL,8754000000.0,0,2010 Q1
2010,Q2,Alcoholicbeveragesandtobacco_note1,02,ADFL,02CN,https://www.ons.gov.uk/search?q=ADFL,9106000000.0,0,2010 Q2
2010,Q3,Alcoholicbeveragesandtobacco_note1,02,ADFL,02CN,https://www.ons.gov.uk/search?q=ADFL,8970000000.0,0,2010 Q3
2010,Q4,Alcoholicbeveragesandtobacco_note1,02,ADFL,02CN,https://www.ons.gov.uk/search?q=ADFL,10161000000.0,0,2010 Q4
2011,Q1,Alcoholicbeveragesandtobacco_note1,02,ADFL,02CN,https://www.ons.gov.uk/search?q=ADFL,9487000000.0,0,2011 Q1
2011,Q2,Alcoholicbeveragesandtobacco_note1,02,ADFL,02CN,https://www.ons.gov.uk/search?q=ADFL,10245000000.0,0,2011 Q2
2011,Q3,Alcoholicbeveragesandtobacco_note1,02,ADFL,02CN,https://www.ons.gov.uk/search?q=ADFL,10398000000.0,0,2011 Q3
2011,Q4,Alcoholicbeveragesandtobacco_note1,02,ADFL,02CN,https://www.ons.gov.uk/search?q=ADFL,11280000000.0,0,2011 Q4
2012,Q1,Alcoholicbeveragesandtobacco_note1,02,ADFL,02CN,https://www.ons.gov.uk/search?q=ADFL,10020000000.0,0,2012 Q1
2012,Q2,Alcoholicbeveragesandtobacco_note1,02,ADFL,02CN,https://www.ons.gov.uk/search?q=ADFL,10006000000.0,0,2012 Q2
2012,Q3,Alcoholicbeveragesandtobacco_note1,02,ADFL,02CN,https://www.ons.gov.uk/search?q=ADFL,10100000000.0,0,2012 Q3
2012,Q4,Alcoholicbeveragesandtobacco_note1,02,ADFL,02CN,https://www.ons.gov.uk/search?q=ADFL,11124000000.0,0,2012 Q4
2013,Q1,Alcoholicbeveragesandtobacco_note1,02,ADFL,02CN,https://www.ons.gov.uk/search?q=ADFL,10362000000.0,0,2013 Q1
2013,Q2,Alcoholicbeveragesandtobacco_note1,02,ADFL,02CN,https://www.ons.gov.uk/search?q=ADFL,10120000000.0,0,2013 Q2
2013,Q3,Alcoholicbeveragesandtobacco_note1,02,ADFL,02CN,https://www.ons.gov.uk/search?q=ADFL,10744000000.0,0,2013 Q3
2013,Q4,Alcoholicbeveragesandtobacco_note1,02,ADFL,02CN,https://www.ons.gov.uk/search?q=ADFL,11525000000.0,0,2013 Q4
2014,Q1,Alcoholicbeveragesandtobacco_note1,02,ADFL,02CN,https://www.ons.gov.uk/search?q=ADFL,10398000000.0,0,2014 Q1
2014,Q2,Alcoholicbeveragesandtobacco_note1,02,ADFL,02CN,https://www.ons.gov.uk/search?q=ADFL,10202000000.0,0,2014 Q2
2014,Q3,Alcoholicbeveragesandtobacco_note1,02,ADFL,02CN,https://www.ons.gov.uk/search?q=ADFL,10413000000.0,0,2014 Q3
2014,Q4,Alcoholicbeveragesandtobacco_note1,02,ADFL,02CN,https://www.ons.gov.uk/search?q=ADFL,11204000000.0,0,2014 Q4
2015,Q1,Alcoholicbeveragesandtobacco_note1,02,ADFL,02CN,https://www.ons.gov.uk/search?q=ADFL,9946000000.0,0,2015 Q1
2015,Q2,Alcoholicbeveragesandtobacco_note1,02,ADFL,02CN,https://www.ons.gov.uk/search?q=ADFL,9899000000.0,0,2015 Q2
2015,Q3,Alcoholicbeveragesandtobacco_note1,02,ADFL,02CN,https://www.ons.gov.uk/search?q=ADFL,10065000000.0,0,2015 Q3
2015,Q4,Alcoholicbeveragesandtobacco_note1,02,ADFL,02CN,https://www.ons.gov.uk/search?q=ADFL,10993000000.0,0,2015 Q4
2016,Q1,Alcoholicbeveragesandtobacco_note1,02,ADFL,02CN,https://www.ons.gov.uk/search?q=ADFL,9582000000.0,0,2016 Q1
2016,Q2,Alcoholicbeveragesandtobacco_note1,02,ADFL,02CN,https://www.ons.gov.uk/search?q=ADFL,9835000000.0,0,2016 Q2
2016,Q3,Alcoholicbeveragesandtobacco_note1,02,ADFL,02CN,https://www.ons.gov.uk/search?q=ADFL,10012000000.0,0,2016 Q3
2016,Q4,Alcoholicbeveragesandtobacco_note1,02,ADFL,02CN,https://www.ons.gov.uk/search?q=ADFL,11092000000.0,0,2016 Q4
2017,Q1,Alcoholicbeveragesandtobacco_note1,02,ADFL,02CN,https://www.ons.gov.uk/search?q=ADFL,10101000000.0,0,2017 Q1
2017,Q2,Alcoholicbeveragesandtobacco_note1,02,ADFL,02CN,https://www.ons.gov.uk/search?q=ADFL,10807000000.0,0,2017 Q2
2017,Q3,Alcoholicbeveragesandtobacco_note1,02,ADFL,02CN,https://www.ons.gov.uk/search?q=ADFL,11027000000.0,0,2017 Q3
2017,Q4,Alcoholicbeveragesandtobacco_note1,02,ADFL,02CN,https://www.ons.gov.uk/search?q=ADFL,12171000000.0,0,2017 Q4
2018,Q1,Alcoholicbeveragesandtobacco_note1,02,ADFL,02CN,https://www.ons.gov.uk/search?q=ADFL,10740000000.0,0,2018 Q1
2018,Q2,Alcoholicbeveragesandtobacco_note1,02,ADFL,02CN,https://www.ons.gov.uk/search?q=ADFL,11386000000.0,0,2018 Q2
2018,Q3,Alcoholicbeveragesandtobacco_note1,02,ADFL,02CN,https://www.ons.gov.uk/search?q=ADFL,11661000000.0,0,2018 Q3
2018,Q4,Alcoholicbeveragesandtobacco_note1,02,ADFL,02CN,https://www.ons.gov.uk/search?q=ADFL,12691000000.0,0,2018 Q4
2019,Q1,Alcoholicbeveragesandtobacco_note1,02,ADFL,02CN,https://www.ons.gov.uk/search?q=ADFL,11192000000.0,0,2019 Q1
2019,Q2,Alcoholicbeveragesandtobacco_note1,02,ADFL,02CN,https://www.ons.gov.uk/search?q=ADFL,11561000000.0,0,2019 Q2
2019,Q3,Alcoholicbeveragesandtobacco_note1,02,ADFL,02CN,https://www.ons.gov.uk/search?q=ADFL,11682000000.0,0,2019 Q3
2019,Q4,Alcoholicbeveragesandtobacco_note1,02,ADFL,02CN,https://www.ons.gov.uk/search?q=ADFL,12536000000.0,0,2019 Q4
2020,Q1,Alcoholicbeveragesandtobacco_note1,02,ADFL,02CN,https://www.ons.gov.uk/search?q=ADFL,11342000000.0,0,2020 Q1
2020,Q2,Alcoholicbeveragesandtobacco_note1,02,ADFL,02CN,https://www.ons.gov.uk/search?q=ADFL,13562000000.0,0,2020 Q2
2020,Q3,Alcoholicbeveragesandtobacco_note1,02,ADFL,02CN,https://www.ons.gov.uk/search?q=ADFL,13361000000.0,0,2020 Q3
2020,Q4,Alcoholicbeveragesandtobacco_note1,02,ADFL,02CN,https://www.ons.gov.uk/search?q=ADFL,14563000000.0,0,2020 Q4
2021,Q1,Alcoholicbeveragesandtobacco_note1,02,ADFL,02CN,https://www.ons.gov.uk/search?q=ADFL,12769000000.0,0,2021 Q1
2021,Q2,Alcoholicbeveragesandtobacco_note1,02,ADFL,02CN,https://www.ons.gov.uk/search?q=ADFL,13421000000.0,0,2021 Q2
2021,Q3,Alcoholicbeveragesandtobacco_note1,02,ADFL,02CN,https://www.ons.gov.uk/search?q=ADFL,12705000000.0,0,2021 Q3
2021,Q4,Alcoholicbeveragesandtobacco_note1,02,ADFL,02CN,https://www.ons.gov.uk/search?q=ADFL,13542000000.0,0,2021 Q4
2022,Q1,Alcoholicbeveragesandtobacco_note1,02,ADFL,02CN,https://www.ons.gov.uk/search?q=ADFL,11947000000.0,0,2022 Q1
2022,Q2,Alcoholicbeveragesandtobacco_note1,02,ADFL,02CN,https://www.ons.gov.uk/search?q=ADFL,12864000000.0,0,2022 Q2
2022,Q3,Alcoholicbeveragesandtobacco_note1,02,ADFL,02CN,https://www.ons.gov.uk/search?q=ADFL,12667000000.0,0,2022 Q3
2022,Q4,Alcoholicbeveragesandtobacco_note1,02,ADFL,02CN,https://www.ons.gov.uk/search?q=ADFL,13609000000.0,0,2022 Q4
1997,Q1,Alcoholicbeverages_note1,02.1,ADFM,02CN,https://www.ons.gov.uk/search?q=ADFM,2080000000.0,0,1997 Q1
1997,Q2,Alcoholicbeverages_note1,02.1,ADFM,02CN,https://www.ons.gov.uk/search?q=ADFM,2335000000.0,0,1997 Q2
1997,Q3,Alcoholicbeverages_note1,02.1,ADFM,02CN,https://www.ons.gov.uk/search?q=ADFM,2313000000.0,0,1997 Q3
1997,Q4,Alcoholicbeverages_note1,02.1,ADFM,02CN,https://www.ons.gov.uk/search?q=ADFM,2991000000.0,0,1997 Q4
1998,Q1,Alcoholicbeverages_note1,02.1,ADFM,02CN,https://www.ons.gov.uk/search?q=ADFM,2173000000.0,0,1998 Q1
1998,Q2,Alcoholicbeverages_note1,02.1,ADFM,02CN,https://www.ons.gov.uk/search?q=ADFM,2563000000.0,0,1998 Q2
1998,Q3,Alcoholicbeverages_note1,02.1,ADFM,02CN,https://www.ons.gov.uk/search?q=ADFM,2403000000.0,0,1998 Q3
1998,Q4,Alcoholicbeverages_note1,02.1,ADFM,02CN,https://www.ons.gov.uk/search?q=ADFM,3079000000.0,0,1998 Q4
1999,Q1,Alcoholicbeverages_note1,02.1,ADFM,02CN,https://www.ons.gov.uk/search?q=ADFM,2254000000.0,0,1999 Q1
1999,Q2,Alcoholicbeverages_note1,02.1,ADFM,02CN,https://www.ons.gov.uk/search?q=ADFM,2533000000.0,0,1999 Q2
1999,Q3,Alcoholicbeverages_note1,02.1,ADFM,02CN,https://www.ons.gov.uk/search?q=ADFM,2482000000.0,0,1999 Q3
1999,Q4,Alcoholicbeverages_note1,02.1,ADFM,02CN,https://www.ons.gov.uk/search?q=ADFM,3294000000.0,0,1999 Q4
2000,Q1,Alcoholicbeverages_note1,02.1,ADFM,02CN,https://www.ons.gov.uk/search?q=ADFM,2306000000.0,0,2000 Q1
2000,Q2,Alcoholicbeverages_note1,02.1,ADFM,02CN,https://www.ons.gov.uk/search?q=ADFM,2603000000.0,0,2000 Q2
2000,Q3,Alcoholicbeverages_note1,02.1,ADFM,02CN,https://www.ons.gov.uk/search?q=ADFM,2621000000.0,0,2000 Q3
2000,Q4,Alcoholicbeverages_note1,02.1,ADFM,02CN,https://www.ons.gov.uk/search?q=ADFM,3398000000.0,0,2000 Q4
2001,Q1,Alcoholicbeverages_note1,02.1,ADFM,02CN,https://www.ons.gov.uk/search?q=ADFM,2403000000.0,0,2001 Q1
2001,Q2,Alcoholicbeverages_note1,02.1,ADFM,02CN,https://www.ons.gov.uk/search?q=ADFM,2678000000.0,0,2001 Q2
2001,Q3,Alcoholicbeverages_note1,02.1,ADFM,02CN,https://www.ons.gov.uk/search?q=ADFM,2652000000.0,0,2001 Q3
2001,Q4,Alcoholicbeverages_note1,02.1,ADFM,02CN,https://www.ons.gov.uk/search?q=ADFM,3384000000.0,0,2001 Q4
2002,Q1,Alcoholicbeverages_note1,02.1,ADFM,02CN,https://www.ons.gov.uk/search?q=ADFM,2450000000.0,0,2002 Q1
2002,Q2,Alcoholicbeverages_note1,02.1,ADFM,02CN,https://www.ons.gov.uk/search?q=ADFM,2732000000.0,0,2002 Q2
2002,Q3,Alcoholicbeverages_note1,02.1,ADFM,02CN,https://www.ons.gov.uk/search?q=ADFM,2745000000.0,0,2002 Q3
2002,Q4,Alcoholicbeverages_note1,02.1,ADFM,02CN,https://www.ons.gov.uk/search?q=ADFM,3627000000.0,0,2002 Q4
2003,Q1,Alcoholicbeverages_note1,02.1,ADFM,02CN,https://www.ons.gov.uk/search?q=ADFM,2631000000.0,0,2003 Q1
2003,Q2,Alcoholicbeverages_note1,02.1,ADFM,02CN,https://www.ons.gov.uk/search?q=ADFM,2998000000.0,0,2003 Q2
2003,Q3,Alcoholicbeverages_note1,02.1,ADFM,02CN,https://www.ons.gov.uk/search?q=ADFM,3027000000.0,0,2003 Q3
2003,Q4,Alcoholicbeverages_note1,02.1,ADFM,02CN,https://www.ons.gov.uk/search?q=ADFM,3873000000.0,0,2003 Q4
2004,Q1,Alcoholicbeverages_note1,02.1,ADFM,02CN,https://www.ons.gov.uk/search?q=ADFM,2741000000.0,0,2004 Q1
2004,Q2,Alcoholicbeverages_note1,02.1,ADFM,02CN,https://www.ons.gov.uk/search?q=ADFM,3016000000.0,0,2004 Q2
2004,Q3,Alcoholicbeverages_note1,02.1,ADFM,02CN,https://www.ons.gov.uk/search?q=ADFM,2884000000.0,0,2004 Q3
2004,Q4,Alcoholicbeverages_note1,02.1,ADFM,02CN,https://www.ons.gov.uk/search?q=ADFM,3785000000.0,0,2004 Q4
2005,Q1,Alcoholicbeverages_note1,02.1,ADFM,02CN,https://www.ons.gov.uk/search?q=ADFM,2654000000.0,0,2005 Q1
2005,Q2,Alcoholicbeverages_note1,02.1,ADFM,02CN,https://www.ons.gov.uk/search?q=ADFM,2998000000.0,0,2005 Q2
2005,Q3,Alcoholicbeverages_note1,02.1,ADFM,02CN,https://www.ons.gov.uk/search?q=ADFM,3097000000.0,0,2005 Q3
2005,Q4,Alcoholicbeverages_note1,02.1,ADFM,02CN,https://www.ons.gov.uk/search?q=ADFM,3828000000.0,0,2005 Q4
2006,Q1,Alcoholicbeverages_note1,02.1,ADFM,02CN,https://www.ons.gov.uk/search?q=ADFM,2663000000.0,0,2006 Q1
2006,Q2,Alcoholicbeverages_note1,02.1,ADFM,02CN,https://www.ons.gov.uk/search?q=ADFM,3132000000.0,0,2006 Q2
2006,Q3,Alcoholicbeverages_note1,02.1,ADFM,02CN,https://www.ons.gov.uk/search?q=ADFM,3131000000.0,0,2006 Q3
2006,Q4,Alcoholicbeverages_note1,02.1,ADFM,02CN,https://www.ons.gov.uk/search?q=ADFM,3811000000.0,0,2006 Q4
2007,Q1,Alcoholicbeverages_note1,02.1,ADFM,02CN,https://www.ons.gov.uk/search?q=ADFM,2905000000.0,0,2007 Q1
2007,Q2,Alcoholicbeverages_note1,02.1,ADFM,02CN,https://www.ons.gov.uk/search?q=ADFM,3194000000.0,0,2007 Q2
2007,Q3,Alcoholicbeverages_note1,02.1,ADFM,02CN,https://www.ons.gov.uk/search?q=ADFM,3254000000.0,0,2007 Q3
2007,Q4,Alcoholicbeverages_note1,02.1,ADFM,02CN,https://www.ons.gov.uk/search?q=ADFM,3965000000.0,0,2007 Q4
2008,Q1,Alcoholicbeverages_note1,02.1,ADFM,02CN,https://www.ons.gov.uk/search?q=ADFM,2735000000.0,0,2008 Q1
2008,Q2,Alcoholicbeverages_note1,02.1,ADFM,02CN,https://www.ons.gov.uk/search?q=ADFM,3211000000.0,0,2008 Q2
2008,Q3,Alcoholicbeverages_note1,02.1,ADFM,02CN,https://www.ons.gov.uk/search?q=ADFM,3345000000.0,0,2008 Q3
2008,Q4,Alcoholicbeverages_note1,02.1,ADFM,02CN,https://www.ons.gov.uk/search?q=ADFM,4294000000.0,0,2008 Q4
2009,Q1,Alcoholicbeverages_note1,02.1,ADFM,02CN,https://www.ons.gov.uk/search?q=ADFM,2991000000.0,0,2009 Q1
2009,Q2,Alcoholicbeverages_note1,02.1,ADFM,02CN,https://www.ons.gov.uk/search?q=ADFM,3404000000.0,0,2009 Q2
2009,Q3,Alcoholicbeverages_note1,02.1,ADFM,02CN,https://www.ons.gov.uk/search?q=ADFM,3486000000.0,0,2009 Q3
2009,Q4,Alcoholicbeverages_note1,02.1,ADFM,02CN,https://www.ons.gov.uk/search?q=ADFM,4458000000.0,0,2009 Q4
2010,Q1,Alcoholicbeverages_note1,02.1,ADFM,02CN,https://www.ons.gov.uk/search?q=ADFM,3160000000.0,0,2010 Q1
2010,Q2,Alcoholicbeverages_note1,02.1,ADFM,02CN,https://www.ons.gov.uk/search?q=ADFM,3546000000.0,0,2010 Q2
2010,Q3,Alcoholicbeverages_note1,02.1,ADFM,02CN,https://www.ons.gov.uk/search?q=ADFM,3416000000.0,0,2010 Q3
2010,Q4,Alcoholicbeverages_note1,02.1,ADFM,02CN,https://www.ons.gov.uk/search?q=ADFM,4418000000.0,0,2010 Q4
2011,Q1,Alcoholicbeverages_note1,02.1,ADFM,02CN,https://www.ons.gov.uk/search?q=ADFM,3382000000.0,0,2011 Q1
2011,Q2,Alcoholicbeverages_note1,02.1,ADFM,02CN,https://www.ons.gov.uk/search?q=ADFM,3788000000.0,0,2011 Q2
2011,Q3,Alcoholicbeverages_note1,02.1,ADFM,02CN,https://www.ons.gov.uk/search?q=ADFM,3878000000.0,0,2011 Q3
2011,Q4,Alcoholicbeverages_note1,02.1,ADFM,02CN,https://www.ons.gov.uk/search?q=ADFM,4853000000.0,0,2011 Q4
2012,Q1,Alcoholicbeverages_note1,02.1,ADFM,02CN,https://www.ons.gov.uk/search?q=ADFM,3790000000.0,0,2012 Q1
2012,Q2,Alcoholicbeverages_note1,02.1,ADFM,02CN,https://www.ons.gov.uk/search?q=ADFM,3811000000.0,0,2012 Q2
2012,Q3,Alcoholicbeverages_note1,02.1,ADFM,02CN,https://www.ons.gov.uk/search?q=ADFM,4019000000.0,0,2012 Q3
2012,Q4,Alcoholicbeverages_note1,02.1,ADFM,02CN,https://www.ons.gov.uk/search?q=ADFM,5086000000.0,0,2012 Q4
2013,Q1,Alcoholicbeverages_note1,02.1,ADFM,02CN,https://www.ons.gov.uk/search?q=ADFM,4320000000.0,0,2013 Q1
2013,Q2,Alcoholicbeverages_note1,02.1,ADFM,02CN,https://www.ons.gov.uk/search?q=ADFM,4085000000.0,0,2013 Q2
2013,Q3,Alcoholicbeverages_note1,02.1,ADFM,02CN,https://www.ons.gov.uk/search?q=ADFM,4691000000.0,0,2013 Q3
2013,Q4,Alcoholicbeverages_note1,02.1,ADFM,02CN,https://www.ons.gov.uk/search?q=ADFM,5468000000.0,0,2013 Q4
2014,Q1,Alcoholicbeverages_note1,02.1,ADFM,02CN,https://www.ons.gov.uk/search?q=ADFM,4349000000.0,0,2014 Q1
2014,Q2,Alcoholicbeverages_note1,02.1,ADFM,02CN,https://www.ons.gov.uk/search?q=ADFM,4022000000.0,0,2014 Q2
2014,Q3,Alcoholicbeverages_note1,02.1,ADFM,02CN,https://www.ons.gov.uk/search?q=ADFM,4291000000.0,0,2014 Q3
2014,Q4,Alcoholicbeverages_note1,02.1,ADFM,02CN,https://www.ons.gov.uk/search?q=ADFM,5195000000.0,0,2014 Q4
2015,Q1,Alcoholicbeverages_note1,02.1,ADFM,02CN,https://www.ons.gov.uk/search?q=ADFM,4172000000.0,0,2015 Q1
2015,Q2,Alcoholicbeverages_note1,02.1,ADFM,02CN,https://www.ons.gov.uk/search?q=ADFM,4208000000.0,0,2015 Q2
2015,Q3,Alcoholicbeverages_note1,02.1,ADFM,02CN,https://www.ons.gov.uk/search?q=ADFM,4468000000.0,0,2015 Q3
2015,Q4,Alcoholicbeverages_note1,02.1,ADFM,02CN,https://www.ons.gov.uk/search?q=ADFM,5452000000.0,0,2015 Q4
2016,Q1,Alcoholicbeverages_note1,02.1,ADFM,02CN,https://www.ons.gov.uk/search?q=ADFM,4072000000.0,0,2016 Q1
2016,Q2,Alcoholicbeverages_note1,02.1,ADFM,02CN,https://www.ons.gov.uk/search?q=ADFM,4320000000.0,0,2016 Q2
2016,Q3,Alcoholicbeverages_note1,02.1,ADFM,02CN,https://www.ons.gov.uk/search?q=ADFM,4465000000.0,0,2016 Q3
2016,Q4,Alcoholicbeverages_note1,02.1,ADFM,02CN,https://www.ons.gov.uk/search?q=ADFM,5489000000.0,0,2016 Q4
2017,Q1,Alcoholicbeverages_note1,02.1,ADFM,02CN,https://www.ons.gov.uk/search?q=ADFM,4246000000.0,0,2017 Q1
2017,Q2,Alcoholicbeverages_note1,02.1,ADFM,02CN,https://www.ons.gov.uk/search?q=ADFM,4804000000.0,0,2017 Q2
2017,Q3,Alcoholicbeverages_note1,02.1,ADFM,02CN,https://www.ons.gov.uk/search?q=ADFM,4925000000.0,0,2017 Q3
2017,Q4,Alcoholicbeverages_note1,02.1,ADFM,02CN,https://www.ons.gov.uk/search?q=ADFM,6019000000.0,0,2017 Q4
2018,Q1,Alcoholicbeverages_note1,02.1,ADFM,02CN,https://www.ons.gov.uk/search?q=ADFM,4532000000.0,0,2018 Q1
2018,Q2,Alcoholicbeverages_note1,02.1,ADFM,02CN,https://www.ons.gov.uk/search?q=ADFM,5267000000.0,0,2018 Q2
2018,Q3,Alcoholicbeverages_note1,02.1,ADFM,02CN,https://www.ons.gov.uk/search?q=ADFM,5359000000.0,0,2018 Q3
2018,Q4,Alcoholicbeverages_note1,02.1,ADFM,02CN,https://www.ons.gov.uk/search?q=ADFM,6330000000.0,0,2018 Q4
2019,Q1,Alcoholicbeverages_note1,02.1,ADFM,02CN,https://www.ons.gov.uk/search?q=ADFM,4840000000.0,0,2019 Q1
2019,Q2,Alcoholicbeverages_note1,02.1,ADFM,02CN,https://www.ons.gov.uk/search?q=ADFM,5391000000.0,0,2019 Q2
2019,Q3,Alcoholicbeverages_note1,02.1,ADFM,02CN,https://www.ons.gov.uk/search?q=ADFM,5481000000.0,0,2019 Q3
2019,Q4,Alcoholicbeverages_note1,02.1,ADFM,02CN,https://www.ons.gov.uk/search?q=ADFM,6350000000.0,0,2019 Q4
2020,Q1,Alcoholicbeverages_note1,02.1,ADFM,02CN,https://www.ons.gov.uk/search?q=ADFM,5091000000.0,0,2020 Q1
2020,Q2,Alcoholicbeverages_note1,02.1,ADFM,02CN,https://www.ons.gov.uk/search?q=ADFM,7194000000.0,0,2020 Q2
2020,Q3,Alcoholicbeverages_note1,02.1,ADFM,02CN,https://www.ons.gov.uk/search?q=ADFM,6708000000.0,0,2020 Q3
2020,Q4,Alcoholicbeverages_note1,02.1,ADFM,02CN,https://www.ons.gov.uk/search?q=ADFM,7854000000.0,0,2020 Q4
2021,Q1,Alcoholicbeverages_note1,02.1,ADFM,02CN,https://www.ons.gov.uk/search?q=ADFM,6057000000.0,0,2021 Q1
2021,Q2,Alcoholicbeverages_note1,02.1,ADFM,02CN,https://www.ons.gov.uk/search?q=ADFM,6634000000.0,0,2021 Q2
2021,Q3,Alcoholicbeverages_note1,02.1,ADFM,02CN,https://www.ons.gov.uk/search?q=ADFM,6002000000.0,0,2021 Q3
2021,Q4,Alcoholicbeverages_note1,02.1,ADFM,02CN,https://www.ons.gov.uk/search?q=ADFM,6821000000.0,0,2021 Q4
2022,Q1,Alcoholicbeverages_note1,02.1,ADFM,02CN,https://www.ons.gov.uk/search?q=ADFM,5020000000.0,0,2022 Q1
2022,Q2,Alcoholicbeverages_note1,02.1,ADFM,02CN,https://www.ons.gov.uk/search?q=ADFM,5927000000.0,0,2022 Q2
2022,Q3,Alcoholicbeverages_note1,02.1,ADFM,02CN,https://www.ons.gov.uk/search?q=ADFM,5712000000.0,0,2022 Q3
2022,Q4,Alcoholicbeverages_note1,02.1,ADFM,02CN,https://www.ons.gov.uk/search?q=ADFM,6633000000.0,0,2022 Q4
1997,Q1,Spirits_note1,02.1.1,UUHX,02CN,https://www.ons.gov.uk/search?q=UUHX,621000000.0,0,1997 Q1
1997,Q2,Spirits_note1,02.1.1,UUHX,02CN,https://www.ons.gov.uk/search?q=UUHX,630000000.0,0,1997 Q2
1997,Q3,Spirits_note1,02.1.1,UUHX,02CN,https://www.ons.gov.uk/search?q=UUHX,585000000.0,0,1997 Q3
1997,Q4,Spirits_note1,02.1.1,UUHX,02CN,https://www.ons.gov.uk/search?q=UUHX,916000000.0,0,1997 Q4
1998,Q1,Spirits_note1,02.1.1,UUHX,02CN,https://www.ons.gov.uk/search?q=UUHX,588000000.0,0,1998 Q1
1998,Q2,Spirits_note1,02.1.1,UUHX,02CN,https://www.ons.gov.uk/search?q=UUHX,625000000.0,0,1998 Q2
1998,Q3,Spirits_note1,02.1.1,UUHX,02CN,https://www.ons.gov.uk/search?q=UUHX,597000000.0,0,1998 Q3
1998,Q4,Spirits_note1,02.1.1,UUHX,02CN,https://www.ons.gov.uk/search?q=UUHX,933000000.0,0,1998 Q4
1999,Q1,Spirits_note1,02.1.1,UUHX,02CN,https://www.ons.gov.uk/search?q=UUHX,634000000.0,0,1999 Q1
1999,Q2,Spirits_note1,02.1.1,UUHX,02CN,https://www.ons.gov.uk/search?q=UUHX,667000000.0,0,1999 Q2
1999,Q3,Spirits_note1,02.1.1,UUHX,02CN,https://www.ons.gov.uk/search?q=UUHX,622000000.0,0,1999 Q3
1999,Q4,Spirits_note1,02.1.1,UUHX,02CN,https://www.ons.gov.uk/search?q=UUHX,991000000.0,0,1999 Q4
2000,Q1,Spirits_note1,02.1.1,UUHX,02CN,https://www.ons.gov.uk/search?q=UUHX,629000000.0,0,2000 Q1
2000,Q2,Spirits_note1,02.1.1,UUHX,02CN,https://www.ons.gov.uk/search?q=UUHX,647000000.0,0,2000 Q2
2000,Q3,Spirits_note1,02.1.1,UUHX,02CN,https://www.ons.gov.uk/search?q=UUHX,636000000.0,0,2000 Q3
2000,Q4,Spirits_note1,02.1.1,UUHX,02CN,https://www.ons.gov.uk/search?q=UUHX,1014000000.0,0,2000 Q4
2001,Q1,Spirits_note1,02.1.1,UUHX,02CN,https://www.ons.gov.uk/search?q=UUHX,639000000.0,0,2001 Q1
2001,Q2,Spirits_note1,02.1.1,UUHX,02CN,https://www.ons.gov.uk/search?q=UUHX,665000000.0,0,2001 Q2
2001,Q3,Spirits_note1,02.1.1,UUHX,02CN,https://www.ons.gov.uk/search?q=UUHX,637000000.0,0,2001 Q3
2001,Q4,Spirits_note1,02.1.1,UUHX,02CN,https://www.ons.gov.uk/search?q=UUHX,986000000.0,0,2001 Q4
2002,Q1,Spirits_note1,02.1.1,UUHX,02CN,https://www.ons.gov.uk/search?q=UUHX,625000000.0,0,2002 Q1
2002,Q2,Spirits_note1,02.1.1,UUHX,02CN,https://www.ons.gov.uk/search?q=UUHX,650000000.0,0,2002 Q2
2002,Q3,Spirits_note1,02.1.1,UUHX,02CN,https://www.ons.gov.uk/search?q=UUHX,625000000.0,0,2002 Q3
2002,Q4,Spirits_note1,02.1.1,UUHX,02CN,https://www.ons.gov.uk/search?q=UUHX,1023000000.0,0,2002 Q4
2003,Q1,Spirits_note1,02.1.1,UUHX,02CN,https://www.ons.gov.uk/search?q=UUHX,676000000.0,0,2003 Q1
2003,Q2,Spirits_note1,02.1.1,UUHX,02CN,https://www.ons.gov.uk/search?q=UUHX,713000000.0,0,2003 Q2
2003,Q3,Spirits_note1,02.1.1,UUHX,02CN,https://www.ons.gov.uk/search?q=UUHX,687000000.0,0,2003 Q3
2003,Q4,Spirits_note1,02.1.1,UUHX,02CN,https://www.ons.gov.uk/search?q=UUHX,1087000000.0,0,2003 Q4
2004,Q1,Spirits_note1,02.1.1,UUHX,02CN,https://www.ons.gov.uk/search?q=UUHX,679000000.0,0,2004 Q1
2004,Q2,Spirits_note1,02.1.1,UUHX,02CN,https://www.ons.gov.uk/search?q=UUHX,684000000.0,0,2004 Q2
2004,Q3,Spirits_note1,02.1.1,UUHX,02CN,https://www.ons.gov.uk/search?q=UUHX,639000000.0,0,2004 Q3
2004,Q4,Spirits_note1,02.1.1,UUHX,02CN,https://www.ons.gov.uk/search?q=UUHX,1082000000.0,0,2004 Q4
2005,Q1,Spirits_note1,02.1.1,UUHX,02CN,https://www.ons.gov.uk/search?q=UUHX,670000000.0,0,2005 Q1
2005,Q2,Spirits_note1,02.1.1,UUHX,02CN,https://www.ons.gov.uk/search?q=UUHX,726000000.0,0,2005 Q2
2005,Q3,Spirits_note1,02.1.1,UUHX,02CN,https://www.ons.gov.uk/search?q=UUHX,733000000.0,0,2005 Q3
2005,Q4,Spirits_note1,02.1.1,UUHX,02CN,https://www.ons.gov.uk/search?q=UUHX,1107000000.0,0,2005 Q4
2006,Q1,Spirits_note1,02.1.1,UUHX,02CN,https://www.ons.gov.uk/search?q=UUHX,671000000.0,0,2006 Q1
2006,Q2,Spirits_note1,02.1.1,UUHX,02CN,https://www.ons.gov.uk/search?q=UUHX,728000000.0,0,2006 Q2
2006,Q3,Spirits_note1,02.1.1,UUHX,02CN,https://www.ons.gov.uk/search?q=UUHX,722000000.0,0,2006 Q3
2006,Q4,Spirits_note1,02.1.1,UUHX,02CN,https://www.ons.gov.uk/search?q=UUHX,1056000000.0,0,2006 Q4
2007,Q1,Spirits_note1,02.1.1,UUHX,02CN,https://www.ons.gov.uk/search?q=UUHX,715000000.0,0,2007 Q1
2007,Q2,Spirits_note1,02.1.1,UUHX,02CN,https://www.ons.gov.uk/search?q=UUHX,769000000.0,0,2007 Q2
2007,Q3,Spirits_note1,02.1.1,UUHX,02CN,https://www.ons.gov.uk/search?q=UUHX,759000000.0,0,2007 Q3
2007,Q4,Spirits_note1,02.1.1,UUHX,02CN,https://www.ons.gov.uk/search?q=UUHX,1109000000.0,0,2007 Q4
2008,Q1,Spirits_note1,02.1.1,UUHX,02CN,https://www.ons.gov.uk/search?q=UUHX,766000000.0,0,2008 Q1
2008,Q2,Spirits_note1,02.1.1,UUHX,02CN,https://www.ons.gov.uk/search?q=UUHX,756000000.0,0,2008 Q2
2008,Q3,Spirits_note1,02.1.1,UUHX,02CN,https://www.ons.gov.uk/search?q=UUHX,788000000.0,0,2008 Q3
2008,Q4,Spirits_note1,02.1.1,UUHX,02CN,https://www.ons.gov.uk/search?q=UUHX,1207000000.0,0,2008 Q4
2009,Q1,Spirits_note1,02.1.1,UUHX,02CN,https://www.ons.gov.uk/search?q=UUHX,752000000.0,0,2009 Q1
2009,Q2,Spirits_note1,02.1.1,UUHX,02CN,https://www.ons.gov.uk/search?q=UUHX,774000000.0,0,2009 Q2
2009,Q3,Spirits_note1,02.1.1,UUHX,02CN,https://www.ons.gov.uk/search?q=UUHX,778000000.0,0,2009 Q3
2009,Q4,Spirits_note1,02.1.1,UUHX,02CN,https://www.ons.gov.uk/search?q=UUHX,1232000000.0,0,2009 Q4
2010,Q1,Spirits_note1,02.1.1,UUHX,02CN,https://www.ons.gov.uk/search?q=UUHX,835000000.0,0,2010 Q1
2010,Q2,Spirits_note1,02.1.1,UUHX,02CN,https://www.ons.gov.uk/search?q=UUHX,807000000.0,0,2010 Q2
2010,Q3,Spirits_note1,02.1.1,UUHX,02CN,https://www.ons.gov.uk/search?q=UUHX,806000000.0,0,2010 Q3
2010,Q4,Spirits_note1,02.1.1,UUHX,02CN,https://www.ons.gov.uk/search?q=UUHX,1297000000.0,0,2010 Q4
2011,Q1,Spirits_note1,02.1.1,UUHX,02CN,https://www.ons.gov.uk/search?q=UUHX,952000000.0,0,2011 Q1
2011,Q2,Spirits_note1,02.1.1,UUHX,02CN,https://www.ons.gov.uk/search?q=UUHX,959000000.0,0,2011 Q2
2011,Q3,Spirits_note1,02.1.1,UUHX,02CN,https://www.ons.gov.uk/search?q=UUHX,1001000000.0,0,2011 Q3
2011,Q4,Spirits_note1,02.1.1,UUHX,02CN,https://www.ons.gov.uk/search?q=UUHX,1503000000.0,0,2011 Q4
2012,Q1,Spirits_note1,02.1.1,UUHX,02CN,https://www.ons.gov.uk/search?q=UUHX,1121000000.0,0,2012 Q1
2012,Q2,Spirits_note1,02.1.1,UUHX,02CN,https://www.ons.gov.uk/search?q=UUHX,957000000.0,0,2012 Q2
2012,Q3,Spirits_note1,02.1.1,UUHX,02CN,https://www.ons.gov.uk/search?q=UUHX,1050000000.0,0,2012 Q3
2012,Q4,Spirits_note1,02.1.1,UUHX,02CN,https://www.ons.gov.uk/search?q=UUHX,1606000000.0,0,2012 Q4
2013,Q1,Spirits_note1,02.1.1,UUHX,02CN,https://www.ons.gov.uk/search?q=UUHX,1305000000.0,0,2013 Q1
2013,Q2,Spirits_note1,02.1.1,UUHX,02CN,https://www.ons.gov.uk/search?q=UUHX,1004000000.0,0,2013 Q2
2013,Q3,Spirits_note1,02.1.1,UUHX,02CN,https://www.ons.gov.uk/search?q=UUHX,1230000000.0,0,2013 Q3
2013,Q4,Spirits_note1,02.1.1,UUHX,02CN,https://www.ons.gov.uk/search?q=UUHX,1716000000.0,0,2013 Q4
2014,Q1,Spirits_note1,02.1.1,UUHX,02CN,https://www.ons.gov.uk/search?q=UUHX,1288000000.0,0,2014 Q1
2014,Q2,Spirits_note1,02.1.1,UUHX,02CN,https://www.ons.gov.uk/search?q=UUHX,981000000.0,0,2014 Q2
2014,Q3,Spirits_note1,02.1.1,UUHX,02CN,https://www.ons.gov.uk/search?q=UUHX,1132000000.0,0,2014 Q3
2014,Q4,Spirits_note1,02.1.1,UUHX,02CN,https://www.ons.gov.uk/search?q=UUHX,1618000000.0,0,2014 Q4
2015,Q1,Spirits_note1,02.1.1,UUHX,02CN,https://www.ons.gov.uk/search?q=UUHX,1262000000.0,0,2015 Q1
2015,Q2,Spirits_note1,02.1.1,UUHX,02CN,https://www.ons.gov.uk/search?q=UUHX,1062000000.0,0,2015 Q2
2015,Q3,Spirits_note1,02.1.1,UUHX,02CN,https://www.ons.gov.uk/search?q=UUHX,1210000000.0,0,2015 Q3
2015,Q4,Spirits_note1,02.1.1,UUHX,02CN,https://www.ons.gov.uk/search?q=UUHX,1724000000.0,0,2015 Q4
2016,Q1,Spirits_note1,02.1.1,UUHX,02CN,https://www.ons.gov.uk/search?q=UUHX,1208000000.0,0,2016 Q1
2016,Q2,Spirits_note1,02.1.1,UUHX,02CN,https://www.ons.gov.uk/search?q=UUHX,1138000000.0,0,2016 Q2
2016,Q3,Spirits_note1,02.1.1,UUHX,02CN,https://www.ons.gov.uk/search?q=UUHX,1199000000.0,0,2016 Q3
2016,Q4,Spirits_note1,02.1.1,UUHX,02CN,https://www.ons.gov.uk/search?q=UUHX,1742000000.0,0,2016 Q4
2017,Q1,Spirits_note1,02.1.1,UUHX,02CN,https://www.ons.gov.uk/search?q=UUHX,1211000000.0,0,2017 Q1
2017,Q2,Spirits_note1,02.1.1,UUHX,02CN,https://www.ons.gov.uk/search?q=UUHX,1250000000.0,0,2017 Q2
2017,Q3,Spirits_note1,02.1.1,UUHX,02CN,https://www.ons.gov.uk/search?q=UUHX,1342000000.0,0,2017 Q3
2017,Q4,Spirits_note1,02.1.1,UUHX,02CN,https://www.ons.gov.uk/search?q=UUHX,1914000000.0,0,2017 Q4
2018,Q1,Spirits_note1,02.1.1,UUHX,02CN,https://www.ons.gov.uk/search?q=UUHX,1332000000.0,0,2018 Q1
2018,Q2,Spirits_note1,02.1.1,UUHX,02CN,https://www.ons.gov.uk/search?q=UUHX,1419000000.0,0,2018 Q2
2018,Q3,Spirits_note1,02.1.1,UUHX,02CN,https://www.ons.gov.uk/search?q=UUHX,1482000000.0,0,2018 Q3
2018,Q4,Spirits_note1,02.1.1,UUHX,02CN,https://www.ons.gov.uk/search?q=UUHX,2023000000.0,0,2018 Q4
2019,Q1,Spirits_note1,02.1.1,UUHX,02CN,https://www.ons.gov.uk/search?q=UUHX,1425000000.0,0,2019 Q1
2019,Q2,Spirits_note1,02.1.1,UUHX,02CN,https://www.ons.gov.uk/search?q=UUHX,1479000000.0,0,2019 Q2
2019,Q3,Spirits_note1,02.1.1,UUHX,02CN,https://www.ons.gov.uk/search?q=UUHX,1509000000.0,0,2019 Q3
2019,Q4,Spirits_note1,02.1.1,UUHX,02CN,https://www.ons.gov.uk/search?q=UUHX,2021000000.0,0,2019 Q4
2020,Q1,Spirits_note1,02.1.1,UUHX,02CN,https://www.ons.gov.uk/search?q=UUHX,1445000000.0,0,2020 Q1
2020,Q2,Spirits_note1,02.1.1,UUHX,02CN,https://www.ons.gov.uk/search?q=UUHX,1943000000.0,0,2020 Q2
2020,Q3,Spirits_note1,02.1.1,UUHX,02CN,https://www.ons.gov.uk/search?q=UUHX,1888000000.0,0,2020 Q3
2020,Q4,Spirits_note1,02.1.1,UUHX,02CN,https://www.ons.gov.uk/search?q=UUHX,2509000000.0,0,2020 Q4
2021,Q1,Spirits_note1,02.1.1,UUHX,02CN,https://www.ons.gov.uk/search?q=UUHX,1789000000.0,0,2021 Q1
2021,Q2,Spirits_note1,02.1.1,UUHX,02CN,https://www.ons.gov.uk/search?q=UUHX,1770000000.0,0,2021 Q2
2021,Q3,Spirits_note1,02.1.1,UUHX,02CN,https://www.ons.gov.uk/search?q=UUHX,1621000000.0,0,2021 Q3
2021,Q4,Spirits_note1,02.1.1,UUHX,02CN,https://www.ons.gov.uk/search?q=UUHX,2114000000.0,0,2021 Q4
2022,Q1,Spirits_note1,02.1.1,UUHX,02CN,https://www.ons.gov.uk/search?q=UUHX,1427000000.0,0,2022 Q1
2022,Q2,Spirits_note1,02.1.1,UUHX,02CN,https://www.ons.gov.uk/search?q=UUHX,1632000000.0,0,2022 Q2
2022,Q3,Spirits_note1,02.1.1,UUHX,02CN,https://www.ons.gov.uk/search?q=UUHX,1574000000.0,0,2022 Q3
2022,Q4,Spirits_note1,02.1.1,UUHX,02CN,https://www.ons.gov.uk/search?q=UUHX,1995000000.0,0,2022 Q4
1997,Q1,Winesciderandperry_note1,02.1.2,UTHT,02CN,https://www.ons.gov.uk/search?q=UTHT,853000000.0,0,1997 Q1
1997,Q2,Winesciderandperry_note1,02.1.2,UTHT,02CN,https://www.ons.gov.uk/search?q=UTHT,975000000.0,0,1997 Q2
1997,Q3,Winesciderandperry_note1,02.1.2,UTHT,02CN,https://www.ons.gov.uk/search?q=UTHT,933000000.0,0,1997 Q3
1997,Q4,Winesciderandperry_note1,02.1.2,UTHT,02CN,https://www.ons.gov.uk/search?q=UTHT,1227000000.0,0,1997 Q4
1998,Q1,Winesciderandperry_note1,02.1.2,UTHT,02CN,https://www.ons.gov.uk/search?q=UTHT,909000000.0,0,1998 Q1
1998,Q2,Winesciderandperry_note1,02.1.2,UTHT,02CN,https://www.ons.gov.uk/search?q=UTHT,1049000000.0,0,1998 Q2
1998,Q3,Winesciderandperry_note1,02.1.2,UTHT,02CN,https://www.ons.gov.uk/search?q=UTHT,989000000.0,0,1998 Q3
1998,Q4,Winesciderandperry_note1,02.1.2,UTHT,02CN,https://www.ons.gov.uk/search?q=UTHT,1263000000.0,0,1998 Q4
1999,Q1,Winesciderandperry_note1,02.1.2,UTHT,02CN,https://www.ons.gov.uk/search?q=UTHT,974000000.0,0,1999 Q1
1999,Q2,Winesciderandperry_note1,02.1.2,UTHT,02CN,https://www.ons.gov.uk/search?q=UTHT,1108000000.0,0,1999 Q2
1999,Q3,Winesciderandperry_note1,02.1.2,UTHT,02CN,https://www.ons.gov.uk/search?q=UTHT,1057000000.0,0,1999 Q3
1999,Q4,Winesciderandperry_note1,02.1.2,UTHT,02CN,https://www.ons.gov.uk/search?q=UTHT,1405000000.0,0,1999 Q4
2000,Q1,Winesciderandperry_note1,02.1.2,UTHT,02CN,https://www.ons.gov.uk/search?q=UTHT,1038000000.0,0,2000 Q1
2000,Q2,Winesciderandperry_note1,02.1.2,UTHT,02CN,https://www.ons.gov.uk/search?q=UTHT,1153000000.0,0,2000 Q2
2000,Q3,Winesciderandperry_note1,02.1.2,UTHT,02CN,https://www.ons.gov.uk/search?q=UTHT,1158000000.0,0,2000 Q3
2000,Q4,Winesciderandperry_note1,02.1.2,UTHT,02CN,https://www.ons.gov.uk/search?q=UTHT,1485000000.0,0,2000 Q4
2001,Q1,Winesciderandperry_note1,02.1.2,UTHT,02CN,https://www.ons.gov.uk/search?q=UTHT,1093000000.0,0,2001 Q1
2001,Q2,Winesciderandperry_note1,02.1.2,UTHT,02CN,https://www.ons.gov.uk/search?q=UTHT,1222000000.0,0,2001 Q2
2001,Q3,Winesciderandperry_note1,02.1.2,UTHT,02CN,https://www.ons.gov.uk/search?q=UTHT,1207000000.0,0,2001 Q3
2001,Q4,Winesciderandperry_note1,02.1.2,UTHT,02CN,https://www.ons.gov.uk/search?q=UTHT,1517000000.0,0,2001 Q4
2002,Q1,Winesciderandperry_note1,02.1.2,UTHT,02CN,https://www.ons.gov.uk/search?q=UTHT,1163000000.0,0,2002 Q1
2002,Q2,Winesciderandperry_note1,02.1.2,UTHT,02CN,https://www.ons.gov.uk/search?q=UTHT,1274000000.0,0,2002 Q2
2002,Q3,Winesciderandperry_note1,02.1.2,UTHT,02CN,https://www.ons.gov.uk/search?q=UTHT,1279000000.0,0,2002 Q3
2002,Q4,Winesciderandperry_note1,02.1.2,UTHT,02CN,https://www.ons.gov.uk/search?q=UTHT,1651000000.0,0,2002 Q4
2003,Q1,Winesciderandperry_note1,02.1.2,UTHT,02CN,https://www.ons.gov.uk/search?q=UTHT,1227000000.0,0,2003 Q1
2003,Q2,Winesciderandperry_note1,02.1.2,UTHT,02CN,https://www.ons.gov.uk/search?q=UTHT,1368000000.0,0,2003 Q2
2003,Q3,Winesciderandperry_note1,02.1.2,UTHT,02CN,https://www.ons.gov.uk/search?q=UTHT,1351000000.0,0,2003 Q3
2003,Q4,Winesciderandperry_note1,02.1.2,UTHT,02CN,https://www.ons.gov.uk/search?q=UTHT,1746000000.0,0,2003 Q4
2004,Q1,Winesciderandperry_note1,02.1.2,UTHT,02CN,https://www.ons.gov.uk/search?q=UTHT,1314000000.0,0,2004 Q1
2004,Q2,Winesciderandperry_note1,02.1.2,UTHT,02CN,https://www.ons.gov.uk/search?q=UTHT,1434000000.0,0,2004 Q2
2004,Q3,Winesciderandperry_note1,02.1.2,UTHT,02CN,https://www.ons.gov.uk/search?q=UTHT,1372000000.0,0,2004 Q3
2004,Q4,Winesciderandperry_note1,02.1.2,UTHT,02CN,https://www.ons.gov.uk/search?q=UTHT,1764000000.0,0,2004 Q4
2005,Q1,Winesciderandperry_note1,02.1.2,UTHT,02CN,https://www.ons.gov.uk/search?q=UTHT,1291000000.0,0,2005 Q1
2005,Q2,Winesciderandperry_note1,02.1.2,UTHT,02CN,https://www.ons.gov.uk/search?q=UTHT,1449000000.0,0,2005 Q2
2005,Q3,Winesciderandperry_note1,02.1.2,UTHT,02CN,https://www.ons.gov.uk/search?q=UTHT,1468000000.0,0,2005 Q3
2005,Q4,Winesciderandperry_note1,02.1.2,UTHT,02CN,https://www.ons.gov.uk/search?q=UTHT,1815000000.0,0,2005 Q4
2006,Q1,Winesciderandperry_note1,02.1.2,UTHT,02CN,https://www.ons.gov.uk/search?q=UTHT,1256000000.0,0,2006 Q1
2006,Q2,Winesciderandperry_note1,02.1.2,UTHT,02CN,https://www.ons.gov.uk/search?q=UTHT,1465000000.0,0,2006 Q2
2006,Q3,Winesciderandperry_note1,02.1.2,UTHT,02CN,https://www.ons.gov.uk/search?q=UTHT,1442000000.0,0,2006 Q3
2006,Q4,Winesciderandperry_note1,02.1.2,UTHT,02CN,https://www.ons.gov.uk/search?q=UTHT,1793000000.0,0,2006 Q4
2007,Q1,Winesciderandperry_note1,02.1.2,UTHT,02CN,https://www.ons.gov.uk/search?q=UTHT,1384000000.0,0,2007 Q1
2007,Q2,Winesciderandperry_note1,02.1.2,UTHT,02CN,https://www.ons.gov.uk/search?q=UTHT,1529000000.0,0,2007 Q2
2007,Q3,Winesciderandperry_note1,02.1.2,UTHT,02CN,https://www.ons.gov.uk/search?q=UTHT,1590000000.0,0,2007 Q3
2007,Q4,Winesciderandperry_note1,02.1.2,UTHT,02CN,https://www.ons.gov.uk/search?q=UTHT,1921000000.0,0,2007 Q4
2008,Q1,Winesciderandperry_note1,02.1.2,UTHT,02CN,https://www.ons.gov.uk/search?q=UTHT,1287000000.0,0,2008 Q1
2008,Q2,Winesciderandperry_note1,02.1.2,UTHT,02CN,https://www.ons.gov.uk/search?q=UTHT,1560000000.0,0,2008 Q2
2008,Q3,Winesciderandperry_note1,02.1.2,UTHT,02CN,https://www.ons.gov.uk/search?q=UTHT,1636000000.0,0,2008 Q3
2008,Q4,Winesciderandperry_note1,02.1.2,UTHT,02CN,https://www.ons.gov.uk/search?q=UTHT,2073000000.0,0,2008 Q4
2009,Q1,Winesciderandperry_note1,02.1.2,UTHT,02CN,https://www.ons.gov.uk/search?q=UTHT,1435000000.0,0,2009 Q1
2009,Q2,Winesciderandperry_note1,02.1.2,UTHT,02CN,https://www.ons.gov.uk/search?q=UTHT,1570000000.0,0,2009 Q2
2009,Q3,Winesciderandperry_note1,02.1.2,UTHT,02CN,https://www.ons.gov.uk/search?q=UTHT,1561000000.0,0,2009 Q3
2009,Q4,Winesciderandperry_note1,02.1.2,UTHT,02CN,https://www.ons.gov.uk/search?q=UTHT,2167000000.0,0,2009 Q4
2010,Q1,Winesciderandperry_note1,02.1.2,UTHT,02CN,https://www.ons.gov.uk/search?q=UTHT,1520000000.0,0,2010 Q1
2010,Q2,Winesciderandperry_note1,02.1.2,UTHT,02CN,https://www.ons.gov.uk/search?q=UTHT,1718000000.0,0,2010 Q2
2010,Q3,Winesciderandperry_note1,02.1.2,UTHT,02CN,https://www.ons.gov.uk/search?q=UTHT,1676000000.0,0,2010 Q3
2010,Q4,Winesciderandperry_note1,02.1.2,UTHT,02CN,https://www.ons.gov.uk/search?q=UTHT,2142000000.0,0,2010 Q4
2011,Q1,Winesciderandperry_note1,02.1.2,UTHT,02CN,https://www.ons.gov.uk/search?q=UTHT,1570000000.0,0,2011 Q1
2011,Q2,Winesciderandperry_note1,02.1.2,UTHT,02CN,https://www.ons.gov.uk/search?q=UTHT,1807000000.0,0,2011 Q2
2011,Q3,Winesciderandperry_note1,02.1.2,UTHT,02CN,https://www.ons.gov.uk/search?q=UTHT,1820000000.0,0,2011 Q3
2011,Q4,Winesciderandperry_note1,02.1.2,UTHT,02CN,https://www.ons.gov.uk/search?q=UTHT,2258000000.0,0,2011 Q4
2012,Q1,Winesciderandperry_note1,02.1.2,UTHT,02CN,https://www.ons.gov.uk/search?q=UTHT,1768000000.0,0,2012 Q1
2012,Q2,Winesciderandperry_note1,02.1.2,UTHT,02CN,https://www.ons.gov.uk/search?q=UTHT,1819000000.0,0,2012 Q2
2012,Q3,Winesciderandperry_note1,02.1.2,UTHT,02CN,https://www.ons.gov.uk/search?q=UTHT,1924000000.0,0,2012 Q3
2012,Q4,Winesciderandperry_note1,02.1.2,UTHT,02CN,https://www.ons.gov.uk/search?q=UTHT,2362000000.0,0,2012 Q4
2013,Q1,Winesciderandperry_note1,02.1.2,UTHT,02CN,https://www.ons.gov.uk/search?q=UTHT,1988000000.0,0,2013 Q1
2013,Q2,Winesciderandperry_note1,02.1.2,UTHT,02CN,https://www.ons.gov.uk/search?q=UTHT,1914000000.0,0,2013 Q2
2013,Q3,Winesciderandperry_note1,02.1.2,UTHT,02CN,https://www.ons.gov.uk/search?q=UTHT,2175000000.0,0,2013 Q3
2013,Q4,Winesciderandperry_note1,02.1.2,UTHT,02CN,https://www.ons.gov.uk/search?q=UTHT,2506000000.0,0,2013 Q4
2014,Q1,Winesciderandperry_note1,02.1.2,UTHT,02CN,https://www.ons.gov.uk/search?q=UTHT,2008000000.0,0,2014 Q1
2014,Q2,Winesciderandperry_note1,02.1.2,UTHT,02CN,https://www.ons.gov.uk/search?q=UTHT,1846000000.0,0,2014 Q2
2014,Q3,Winesciderandperry_note1,02.1.2,UTHT,02CN,https://www.ons.gov.uk/search?q=UTHT,2002000000.0,0,2014 Q3
2014,Q4,Winesciderandperry_note1,02.1.2,UTHT,02CN,https://www.ons.gov.uk/search?q=UTHT,2380000000.0,0,2014 Q4
2015,Q1,Winesciderandperry_note1,02.1.2,UTHT,02CN,https://www.ons.gov.uk/search?q=UTHT,1922000000.0,0,2015 Q1
2015,Q2,Winesciderandperry_note1,02.1.2,UTHT,02CN,https://www.ons.gov.uk/search?q=UTHT,1944000000.0,0,2015 Q2
2015,Q3,Winesciderandperry_note1,02.1.2,UTHT,02CN,https://www.ons.gov.uk/search?q=UTHT,2040000000.0,0,2015 Q3
2015,Q4,Winesciderandperry_note1,02.1.2,UTHT,02CN,https://www.ons.gov.uk/search?q=UTHT,2501000000.0,0,2015 Q4
2016,Q1,Winesciderandperry_note1,02.1.2,UTHT,02CN,https://www.ons.gov.uk/search?q=UTHT,1886000000.0,0,2016 Q1
2016,Q2,Winesciderandperry_note1,02.1.2,UTHT,02CN,https://www.ons.gov.uk/search?q=UTHT,1989000000.0,0,2016 Q2
2016,Q3,Winesciderandperry_note1,02.1.2,UTHT,02CN,https://www.ons.gov.uk/search?q=UTHT,2068000000.0,0,2016 Q3
2016,Q4,Winesciderandperry_note1,02.1.2,UTHT,02CN,https://www.ons.gov.uk/search?q=UTHT,2529000000.0,0,2016 Q4
2017,Q1,Winesciderandperry_note1,02.1.2,UTHT,02CN,https://www.ons.gov.uk/search?q=UTHT,1958000000.0,0,2017 Q1
2017,Q2,Winesciderandperry_note1,02.1.2,UTHT,02CN,https://www.ons.gov.uk/search?q=UTHT,2179000000.0,0,2017 Q2
2017,Q3,Winesciderandperry_note1,02.1.2,UTHT,02CN,https://www.ons.gov.uk/search?q=UTHT,2230000000.0,0,2017 Q3
2017,Q4,Winesciderandperry_note1,02.1.2,UTHT,02CN,https://www.ons.gov.uk/search?q=UTHT,2733000000.0,0,2017 Q4
2018,Q1,Winesciderandperry_note1,02.1.2,UTHT,02CN,https://www.ons.gov.uk/search?q=UTHT,2016000000.0,0,2018 Q1
2018,Q2,Winesciderandperry_note1,02.1.2,UTHT,02CN,https://www.ons.gov.uk/search?q=UTHT,2311000000.0,0,2018 Q2
2018,Q3,Winesciderandperry_note1,02.1.2,UTHT,02CN,https://www.ons.gov.uk/search?q=UTHT,2350000000.0,0,2018 Q3
2018,Q4,Winesciderandperry_note1,02.1.2,UTHT,02CN,https://www.ons.gov.uk/search?q=UTHT,2786000000.0,0,2018 Q4
2019,Q1,Winesciderandperry_note1,02.1.2,UTHT,02CN,https://www.ons.gov.uk/search?q=UTHT,2121000000.0,0,2019 Q1
2019,Q2,Winesciderandperry_note1,02.1.2,UTHT,02CN,https://www.ons.gov.uk/search?q=UTHT,2370000000.0,0,2019 Q2
2019,Q3,Winesciderandperry_note1,02.1.2,UTHT,02CN,https://www.ons.gov.uk/search?q=UTHT,2429000000.0,0,2019 Q3
2019,Q4,Winesciderandperry_note1,02.1.2,UTHT,02CN,https://www.ons.gov.uk/search?q=UTHT,2797000000.0,0,2019 Q4
2020,Q1,Winesciderandperry_note1,02.1.2,UTHT,02CN,https://www.ons.gov.uk/search?q=UTHT,2230000000.0,0,2020 Q1
2020,Q2,Winesciderandperry_note1,02.1.2,UTHT,02CN,https://www.ons.gov.uk/search?q=UTHT,3074000000.0,0,2020 Q2
2020,Q3,Winesciderandperry_note1,02.1.2,UTHT,02CN,https://www.ons.gov.uk/search?q=UTHT,2902000000.0,0,2020 Q3
2020,Q4,Winesciderandperry_note1,02.1.2,UTHT,02CN,https://www.ons.gov.uk/search?q=UTHT,3412000000.0,0,2020 Q4
2021,Q1,Winesciderandperry_note1,02.1.2,UTHT,02CN,https://www.ons.gov.uk/search?q=UTHT,2576000000.0,0,2021 Q1
2021,Q2,Winesciderandperry_note1,02.1.2,UTHT,02CN,https://www.ons.gov.uk/search?q=UTHT,2893000000.0,0,2021 Q2
2021,Q3,Winesciderandperry_note1,02.1.2,UTHT,02CN,https://www.ons.gov.uk/search?q=UTHT,2607000000.0,0,2021 Q3
2021,Q4,Winesciderandperry_note1,02.1.2,UTHT,02CN,https://www.ons.gov.uk/search?q=UTHT,3038000000.0,0,2021 Q4
2022,Q1,Winesciderandperry_note1,02.1.2,UTHT,02CN,https://www.ons.gov.uk/search?q=UTHT,2177000000.0,0,2022 Q1
2022,Q2,Winesciderandperry_note1,02.1.2,UTHT,02CN,https://www.ons.gov.uk/search?q=UTHT,2562000000.0,0,2022 Q2
2022,Q3,Winesciderandperry_note1,02.1.2,UTHT,02CN,https://www.ons.gov.uk/search?q=UTHT,2505000000.0,0,2022 Q3
2022,Q4,Winesciderandperry_note1,02.1.2,UTHT,02CN,https://www.ons.gov.uk/search?q=UTHT,2997000000.0,0,2022 Q4
1997,Q1,Beer_note1,02.1.3,UUMI,02CN,https://www.ons.gov.uk/search?q=UUMI,606000000.0,0,1997 Q1
1997,Q2,Beer_note1,02.1.3,UUMI,02CN,https://www.ons.gov.uk/search?q=UUMI,730000000.0,0,1997 Q2
1997,Q3,Beer_note1,02.1.3,UUMI,02CN,https://www.ons.gov.uk/search?q=UUMI,795000000.0,0,1997 Q3
1997,Q4,Beer_note1,02.1.3,UUMI,02CN,https://www.ons.gov.uk/search?q=UUMI,848000000.0,0,1997 Q4
1998,Q1,Beer_note1,02.1.3,UUMI,02CN,https://www.ons.gov.uk/search?q=UUMI,676000000.0,0,1998 Q1
1998,Q2,Beer_note1,02.1.3,UUMI,02CN,https://www.ons.gov.uk/search?q=UUMI,889000000.0,0,1998 Q2
1998,Q3,Beer_note1,02.1.3,UUMI,02CN,https://www.ons.gov.uk/search?q=UUMI,817000000.0,0,1998 Q3
1998,Q4,Beer_note1,02.1.3,UUMI,02CN,https://www.ons.gov.uk/search?q=UUMI,883000000.0,0,1998 Q4
1999,Q1,Beer_note1,02.1.3,UUMI,02CN,https://www.ons.gov.uk/search?q=UUMI,646000000.0,0,1999 Q1
1999,Q2,Beer_note1,02.1.3,UUMI,02CN,https://www.ons.gov.uk/search?q=UUMI,758000000.0,0,1999 Q2
1999,Q3,Beer_note1,02.1.3,UUMI,02CN,https://www.ons.gov.uk/search?q=UUMI,803000000.0,0,1999 Q3
1999,Q4,Beer_note1,02.1.3,UUMI,02CN,https://www.ons.gov.uk/search?q=UUMI,898000000.0,0,1999 Q4
2000,Q1,Beer_note1,02.1.3,UUMI,02CN,https://www.ons.gov.uk/search?q=UUMI,639000000.0,0,2000 Q1
2000,Q2,Beer_note1,02.1.3,UUMI,02CN,https://www.ons.gov.uk/search?q=UUMI,803000000.0,0,2000 Q2
2000,Q3,Beer_note1,02.1.3,UUMI,02CN,https://www.ons.gov.uk/search?q=UUMI,827000000.0,0,2000 Q3
2000,Q4,Beer_note1,02.1.3,UUMI,02CN,https://www.ons.gov.uk/search?q=UUMI,899000000.0,0,2000 Q4
2001,Q1,Beer_note1,02.1.3,UUMI,02CN,https://www.ons.gov.uk/search?q=UUMI,671000000.0,0,2001 Q1
2001,Q2,Beer_note1,02.1.3,UUMI,02CN,https://www.ons.gov.uk/search?q=UUMI,791000000.0,0,2001 Q2
2001,Q3,Beer_note1,02.1.3,UUMI,02CN,https://www.ons.gov.uk/search?q=UUMI,808000000.0,0,2001 Q3
2001,Q4,Beer_note1,02.1.3,UUMI,02CN,https://www.ons.gov.uk/search?q=UUMI,881000000.0,0,2001 Q4
2002,Q1,Beer_note1,02.1.3,UUMI,02CN,https://www.ons.gov.uk/search?q=UUMI,662000000.0,0,2002 Q1
2002,Q2,Beer_note1,02.1.3,UUMI,02CN,https://www.ons.gov.uk/search?q=UUMI,808000000.0,0,2002 Q2
2002,Q3,Beer_note1,02.1.3,UUMI,02CN,https://www.ons.gov.uk/search?q=UUMI,841000000.0,0,2002 Q3
2002,Q4,Beer_note1,02.1.3,UUMI,02CN,https://www.ons.gov.uk/search?q=UUMI,953000000.0,0,2002 Q4
2003,Q1,Beer_note1,02.1.3,UUMI,02CN,https://www.ons.gov.uk/search?q=UUMI,728000000.0,0,2003 Q1
2003,Q2,Beer_note1,02.1.3,UUMI,02CN,https://www.ons.gov.uk/search?q=UUMI,917000000.0,0,2003 Q2
2003,Q3,Beer_note1,02.1.3,UUMI,02CN,https://www.ons.gov.uk/search?q=UUMI,989000000.0,0,2003 Q3
2003,Q4,Beer_note1,02.1.3,UUMI,02CN,https://www.ons.gov.uk/search?q=UUMI,1040000000.0,0,2003 Q4
2004,Q1,Beer_note1,02.1.3,UUMI,02CN,https://www.ons.gov.uk/search?q=UUMI,748000000.0,0,2004 Q1
2004,Q2,Beer_note1,02.1.3,UUMI,02CN,https://www.ons.gov.uk/search?q=UUMI,898000000.0,0,2004 Q2
2004,Q3,Beer_note1,02.1.3,UUMI,02CN,https://www.ons.gov.uk/search?q=UUMI,873000000.0,0,2004 Q3
2004,Q4,Beer_note1,02.1.3,UUMI,02CN,https://www.ons.gov.uk/search?q=UUMI,939000000.0,0,2004 Q4
2005,Q1,Beer_note1,02.1.3,UUMI,02CN,https://www.ons.gov.uk/search?q=UUMI,693000000.0,0,2005 Q1
2005,Q2,Beer_note1,02.1.3,UUMI,02CN,https://www.ons.gov.uk/search?q=UUMI,823000000.0,0,2005 Q2
2005,Q3,Beer_note1,02.1.3,UUMI,02CN,https://www.ons.gov.uk/search?q=UUMI,896000000.0,0,2005 Q3
2005,Q4,Beer_note1,02.1.3,UUMI,02CN,https://www.ons.gov.uk/search?q=UUMI,906000000.0,0,2005 Q4
2006,Q1,Beer_note1,02.1.3,UUMI,02CN,https://www.ons.gov.uk/search?q=UUMI,736000000.0,0,2006 Q1
2006,Q2,Beer_note1,02.1.3,UUMI,02CN,https://www.ons.gov.uk/search?q=UUMI,939000000.0,0,2006 Q2
2006,Q3,Beer_note1,02.1.3,UUMI,02CN,https://www.ons.gov.uk/search?q=UUMI,967000000.0,0,2006 Q3
2006,Q4,Beer_note1,02.1.3,UUMI,02CN,https://www.ons.gov.uk/search?q=UUMI,962000000.0,0,2006 Q4
2007,Q1,Beer_note1,02.1.3,UUMI,02CN,https://www.ons.gov.uk/search?q=UUMI,806000000.0,0,2007 Q1
2007,Q2,Beer_note1,02.1.3,UUMI,02CN,https://www.ons.gov.uk/search?q=UUMI,896000000.0,0,2007 Q2
2007,Q3,Beer_note1,02.1.3,UUMI,02CN,https://www.ons.gov.uk/search?q=UUMI,905000000.0,0,2007 Q3
2007,Q4,Beer_note1,02.1.3,UUMI,02CN,https://www.ons.gov.uk/search?q=UUMI,935000000.0,0,2007 Q4
2008,Q1,Beer_note1,02.1.3,UUMI,02CN,https://www.ons.gov.uk/search?q=UUMI,682000000.0,0,2008 Q1
2008,Q2,Beer_note1,02.1.3,UUMI,02CN,https://www.ons.gov.uk/search?q=UUMI,895000000.0,0,2008 Q2
2008,Q3,Beer_note1,02.1.3,UUMI,02CN,https://www.ons.gov.uk/search?q=UUMI,921000000.0,0,2008 Q3
2008,Q4,Beer_note1,02.1.3,UUMI,02CN,https://www.ons.gov.uk/search?q=UUMI,1014000000.0,0,2008 Q4
2009,Q1,Beer_note1,02.1.3,UUMI,02CN,https://www.ons.gov.uk/search?q=UUMI,804000000.0,0,2009 Q1
2009,Q2,Beer_note1,02.1.3,UUMI,02CN,https://www.ons.gov.uk/search?q=UUMI,1060000000.0,0,2009 Q2
2009,Q3,Beer_note1,02.1.3,UUMI,02CN,https://www.ons.gov.uk/search?q=UUMI,1147000000.0,0,2009 Q3
2009,Q4,Beer_note1,02.1.3,UUMI,02CN,https://www.ons.gov.uk/search?q=UUMI,1059000000.0,0,2009 Q4
2010,Q1,Beer_note1,02.1.3,UUMI,02CN,https://www.ons.gov.uk/search?q=UUMI,805000000.0,0,2010 Q1
2010,Q2,Beer_note1,02.1.3,UUMI,02CN,https://www.ons.gov.uk/search?q=UUMI,1021000000.0,0,2010 Q2
2010,Q3,Beer_note1,02.1.3,UUMI,02CN,https://www.ons.gov.uk/search?q=UUMI,934000000.0,0,2010 Q3
2010,Q4,Beer_note1,02.1.3,UUMI,02CN,https://www.ons.gov.uk/search?q=UUMI,979000000.0,0,2010 Q4
2011,Q1,Beer_note1,02.1.3,UUMI,02CN,https://www.ons.gov.uk/search?q=UUMI,860000000.0,0,2011 Q1
2011,Q2,Beer_note1,02.1.3,UUMI,02CN,https://www.ons.gov.uk/search?q=UUMI,1022000000.0,0,2011 Q2
2011,Q3,Beer_note1,02.1.3,UUMI,02CN,https://www.ons.gov.uk/search?q=UUMI,1057000000.0,0,2011 Q3
2011,Q4,Beer_note1,02.1.3,UUMI,02CN,https://www.ons.gov.uk/search?q=UUMI,1092000000.0,0,2011 Q4
2012,Q1,Beer_note1,02.1.3,UUMI,02CN,https://www.ons.gov.uk/search?q=UUMI,901000000.0,0,2012 Q1
2012,Q2,Beer_note1,02.1.3,UUMI,02CN,https://www.ons.gov.uk/search?q=UUMI,1035000000.0,0,2012 Q2
2012,Q3,Beer_note1,02.1.3,UUMI,02CN,https://www.ons.gov.uk/search?q=UUMI,1045000000.0,0,2012 Q3
2012,Q4,Beer_note1,02.1.3,UUMI,02CN,https://www.ons.gov.uk/search?q=UUMI,1118000000.0,0,2012 Q4
2013,Q1,Beer_note1,02.1.3,UUMI,02CN,https://www.ons.gov.uk/search?q=UUMI,1027000000.0,0,2013 Q1
2013,Q2,Beer_note1,02.1.3,UUMI,02CN,https://www.ons.gov.uk/search?q=UUMI,1167000000.0,0,2013 Q2
2013,Q3,Beer_note1,02.1.3,UUMI,02CN,https://www.ons.gov.uk/search?q=UUMI,1286000000.0,0,2013 Q3
2013,Q4,Beer_note1,02.1.3,UUMI,02CN,https://www.ons.gov.uk/search?q=UUMI,1246000000.0,0,2013 Q4
2014,Q1,Beer_note1,02.1.3,UUMI,02CN,https://www.ons.gov.uk/search?q=UUMI,1053000000.0,0,2014 Q1
2014,Q2,Beer_note1,02.1.3,UUMI,02CN,https://www.ons.gov.uk/search?q=UUMI,1195000000.0,0,2014 Q2
2014,Q3,Beer_note1,02.1.3,UUMI,02CN,https://www.ons.gov.uk/search?q=UUMI,1157000000.0,0,2014 Q3
2014,Q4,Beer_note1,02.1.3,UUMI,02CN,https://www.ons.gov.uk/search?q=UUMI,1197000000.0,0,2014 Q4
2015,Q1,Beer_note1,02.1.3,UUMI,02CN,https://www.ons.gov.uk/search?q=UUMI,988000000.0,0,2015 Q1
2015,Q2,Beer_note1,02.1.3,UUMI,02CN,https://www.ons.gov.uk/search?q=UUMI,1202000000.0,0,2015 Q2
2015,Q3,Beer_note1,02.1.3,UUMI,02CN,https://www.ons.gov.uk/search?q=UUMI,1218000000.0,0,2015 Q3
2015,Q4,Beer_note1,02.1.3,UUMI,02CN,https://www.ons.gov.uk/search?q=UUMI,1227000000.0,0,2015 Q4
2016,Q1,Beer_note1,02.1.3,UUMI,02CN,https://www.ons.gov.uk/search?q=UUMI,978000000.0,0,2016 Q1
2016,Q2,Beer_note1,02.1.3,UUMI,02CN,https://www.ons.gov.uk/search?q=UUMI,1193000000.0,0,2016 Q2
2016,Q3,Beer_note1,02.1.3,UUMI,02CN,https://www.ons.gov.uk/search?q=UUMI,1198000000.0,0,2016 Q3
2016,Q4,Beer_note1,02.1.3,UUMI,02CN,https://www.ons.gov.uk/search?q=UUMI,1218000000.0,0,2016 Q4
2017,Q1,Beer_note1,02.1.3,UUMI,02CN,https://www.ons.gov.uk/search?q=UUMI,1077000000.0,0,2017 Q1
2017,Q2,Beer_note1,02.1.3,UUMI,02CN,https://www.ons.gov.uk/search?q=UUMI,1375000000.0,0,2017 Q2
2017,Q3,Beer_note1,02.1.3,UUMI,02CN,https://www.ons.gov.uk/search?q=UUMI,1353000000.0,0,2017 Q3
2017,Q4,Beer_note1,02.1.3,UUMI,02CN,https://www.ons.gov.uk/search?q=UUMI,1372000000.0,0,2017 Q4
2018,Q1,Beer_note1,02.1.3,UUMI,02CN,https://www.ons.gov.uk/search?q=UUMI,1184000000.0,0,2018 Q1
2018,Q2,Beer_note1,02.1.3,UUMI,02CN,https://www.ons.gov.uk/search?q=UUMI,1537000000.0,0,2018 Q2
2018,Q3,Beer_note1,02.1.3,UUMI,02CN,https://www.ons.gov.uk/search?q=UUMI,1527000000.0,0,2018 Q3
2018,Q4,Beer_note1,02.1.3,UUMI,02CN,https://www.ons.gov.uk/search?q=UUMI,1521000000.0,0,2018 Q4
2019,Q1,Beer_note1,02.1.3,UUMI,02CN,https://www.ons.gov.uk/search?q=UUMI,1294000000.0,0,2019 Q1
2019,Q2,Beer_note1,02.1.3,UUMI,02CN,https://www.ons.gov.uk/search?q=UUMI,1542000000.0,0,2019 Q2
2019,Q3,Beer_note1,02.1.3,UUMI,02CN,https://www.ons.gov.uk/search?q=UUMI,1543000000.0,0,2019 Q3
2019,Q4,Beer_note1,02.1.3,UUMI,02CN,https://www.ons.gov.uk/search?q=UUMI,1532000000.0,0,2019 Q4
2020,Q1,Beer_note1,02.1.3,UUMI,02CN,https://www.ons.gov.uk/search?q=UUMI,1416000000.0,0,2020 Q1
2020,Q2,Beer_note1,02.1.3,UUMI,02CN,https://www.ons.gov.uk/search?q=UUMI,2177000000.0,0,2020 Q2
2020,Q3,Beer_note1,02.1.3,UUMI,02CN,https://www.ons.gov.uk/search?q=UUMI,1918000000.0,0,2020 Q3
2020,Q4,Beer_note1,02.1.3,UUMI,02CN,https://www.ons.gov.uk/search?q=UUMI,1933000000.0,0,2020 Q4
2021,Q1,Beer_note1,02.1.3,UUMI,02CN,https://www.ons.gov.uk/search?q=UUMI,1692000000.0,0,2021 Q1
2021,Q2,Beer_note1,02.1.3,UUMI,02CN,https://www.ons.gov.uk/search?q=UUMI,1971000000.0,0,2021 Q2
2021,Q3,Beer_note1,02.1.3,UUMI,02CN,https://www.ons.gov.uk/search?q=UUMI,1774000000.0,0,2021 Q3
2021,Q4,Beer_note1,02.1.3,UUMI,02CN,https://www.ons.gov.uk/search?q=UUMI,1669000000.0,0,2021 Q4
2022,Q1,Beer_note1,02.1.3,UUMI,02CN,https://www.ons.gov.uk/search?q=UUMI,1416000000.0,0,2022 Q1
2022,Q2,Beer_note1,02.1.3,UUMI,02CN,https://www.ons.gov.uk/search?q=UUMI,1733000000.0,0,2022 Q2
2022,Q3,Beer_note1,02.1.3,UUMI,02CN,https://www.ons.gov.uk/search?q=UUMI,1633000000.0,0,2022 Q3
2022,Q4,Beer_note1,02.1.3,UUMI,02CN,https://www.ons.gov.uk/search?q=UUMI,1641000000.0,0,2022 Q4
1997,Q1,Tobacco,02.2,ADFN,02CN,https://www.ons.gov.uk/search?q=ADFN,3009000000.0,0,1997 Q1
1997,Q2,Tobacco,02.2,ADFN,02CN,https://www.ons.gov.uk/search?q=ADFN,3087000000.0,0,1997 Q2
1997,Q3,Tobacco,02.2,ADFN,02CN,https://www.ons.gov.uk/search?q=ADFN,3166000000.0,0,1997 Q3
1997,Q4,Tobacco,02.2,ADFN,02CN,https://www.ons.gov.uk/search?q=ADFN,3211000000.0,0,1997 Q4
1998,Q1,Tobacco,02.2,ADFN,02CN,https://www.ons.gov.uk/search?q=ADFN,3437000000.0,0,1998 Q1
1998,Q2,Tobacco,02.2,ADFN,02CN,https://www.ons.gov.uk/search?q=ADFN,3365000000.0,0,1998 Q2
1998,Q3,Tobacco,02.2,ADFN,02CN,https://www.ons.gov.uk/search?q=ADFN,3255000000.0,0,1998 Q3
1998,Q4,Tobacco,02.2,ADFN,02CN,https://www.ons.gov.uk/search?q=ADFN,3204000000.0,0,1998 Q4
1999,Q1,Tobacco,02.2,ADFN,02CN,https://www.ons.gov.uk/search?q=ADFN,3442000000.0,0,1999 Q1
1999,Q2,Tobacco,02.2,ADFN,02CN,https://www.ons.gov.uk/search?q=ADFN,3532000000.0,0,1999 Q2
1999,Q3,Tobacco,02.2,ADFN,02CN,https://www.ons.gov.uk/search?q=ADFN,3568000000.0,0,1999 Q3
1999,Q4,Tobacco,02.2,ADFN,02CN,https://www.ons.gov.uk/search?q=ADFN,3538000000.0,0,1999 Q4
2000,Q1,Tobacco,02.2,ADFN,02CN,https://www.ons.gov.uk/search?q=ADFN,3528000000.0,0,2000 Q1
2000,Q2,Tobacco,02.2,ADFN,02CN,https://www.ons.gov.uk/search?q=ADFN,3618000000.0,0,2000 Q2
2000,Q3,Tobacco,02.2,ADFN,02CN,https://www.ons.gov.uk/search?q=ADFN,3538000000.0,0,2000 Q3
2000,Q4,Tobacco,02.2,ADFN,02CN,https://www.ons.gov.uk/search?q=ADFN,3457000000.0,0,2000 Q4
2001,Q1,Tobacco,02.2,ADFN,02CN,https://www.ons.gov.uk/search?q=ADFN,3505000000.0,0,2001 Q1
2001,Q2,Tobacco,02.2,ADFN,02CN,https://www.ons.gov.uk/search?q=ADFN,3625000000.0,0,2001 Q2
2001,Q3,Tobacco,02.2,ADFN,02CN,https://www.ons.gov.uk/search?q=ADFN,3565000000.0,0,2001 Q3
2001,Q4,Tobacco,02.2,ADFN,02CN,https://www.ons.gov.uk/search?q=ADFN,3511000000.0,0,2001 Q4
2002,Q1,Tobacco,02.2,ADFN,02CN,https://www.ons.gov.uk/search?q=ADFN,3465000000.0,0,2002 Q1
2002,Q2,Tobacco,02.2,ADFN,02CN,https://www.ons.gov.uk/search?q=ADFN,3572000000.0,0,2002 Q2
2002,Q3,Tobacco,02.2,ADFN,02CN,https://www.ons.gov.uk/search?q=ADFN,3580000000.0,0,2002 Q3
2002,Q4,Tobacco,02.2,ADFN,02CN,https://www.ons.gov.uk/search?q=ADFN,3601000000.0,0,2002 Q4
2003,Q1,Tobacco,02.2,ADFN,02CN,https://www.ons.gov.uk/search?q=ADFN,3707000000.0,0,2003 Q1
2003,Q2,Tobacco,02.2,ADFN,02CN,https://www.ons.gov.uk/search?q=ADFN,3759000000.0,0,2003 Q2
2003,Q3,Tobacco,02.2,ADFN,02CN,https://www.ons.gov.uk/search?q=ADFN,3829000000.0,0,2003 Q3
2003,Q4,Tobacco,02.2,ADFN,02CN,https://www.ons.gov.uk/search?q=ADFN,3825000000.0,0,2003 Q4
2004,Q1,Tobacco,02.2,ADFN,02CN,https://www.ons.gov.uk/search?q=ADFN,3756000000.0,0,2004 Q1
2004,Q2,Tobacco,02.2,ADFN,02CN,https://www.ons.gov.uk/search?q=ADFN,3810000000.0,0,2004 Q2
2004,Q3,Tobacco,02.2,ADFN,02CN,https://www.ons.gov.uk/search?q=ADFN,3845000000.0,0,2004 Q3
2004,Q4,Tobacco,02.2,ADFN,02CN,https://www.ons.gov.uk/search?q=ADFN,3819000000.0,0,2004 Q4
2005,Q1,Tobacco,02.2,ADFN,02CN,https://www.ons.gov.uk/search?q=ADFN,3856000000.0,0,2005 Q1
2005,Q2,Tobacco,02.2,ADFN,02CN,https://www.ons.gov.uk/search?q=ADFN,3841000000.0,0,2005 Q2
2005,Q3,Tobacco,02.2,ADFN,02CN,https://www.ons.gov.uk/search?q=ADFN,3854000000.0,0,2005 Q3
2005,Q4,Tobacco,02.2,ADFN,02CN,https://www.ons.gov.uk/search?q=ADFN,3887000000.0,0,2005 Q4
2006,Q1,Tobacco,02.2,ADFN,02CN,https://www.ons.gov.uk/search?q=ADFN,3758000000.0,0,2006 Q1
2006,Q2,Tobacco,02.2,ADFN,02CN,https://www.ons.gov.uk/search?q=ADFN,3831000000.0,0,2006 Q2
2006,Q3,Tobacco,02.2,ADFN,02CN,https://www.ons.gov.uk/search?q=ADFN,3853000000.0,0,2006 Q3
2006,Q4,Tobacco,02.2,ADFN,02CN,https://www.ons.gov.uk/search?q=ADFN,3803000000.0,0,2006 Q4
2007,Q1,Tobacco,02.2,ADFN,02CN,https://www.ons.gov.uk/search?q=ADFN,3830000000.0,0,2007 Q1
2007,Q2,Tobacco,02.2,ADFN,02CN,https://www.ons.gov.uk/search?q=ADFN,3824000000.0,0,2007 Q2
2007,Q3,Tobacco,02.2,ADFN,02CN,https://www.ons.gov.uk/search?q=ADFN,3822000000.0,0,2007 Q3
2007,Q4,Tobacco,02.2,ADFN,02CN,https://www.ons.gov.uk/search?q=ADFN,3841000000.0,0,2007 Q4
2008,Q1,Tobacco,02.2,ADFN,02CN,https://www.ons.gov.uk/search?q=ADFN,3903000000.0,0,2008 Q1
2008,Q2,Tobacco,02.2,ADFN,02CN,https://www.ons.gov.uk/search?q=ADFN,3988000000.0,0,2008 Q2
2008,Q3,Tobacco,02.2,ADFN,02CN,https://www.ons.gov.uk/search?q=ADFN,3974000000.0,0,2008 Q3
2008,Q4,Tobacco,02.2,ADFN,02CN,https://www.ons.gov.uk/search?q=ADFN,3948000000.0,0,2008 Q4
2009,Q1,Tobacco,02.2,ADFN,02CN,https://www.ons.gov.uk/search?q=ADFN,3966000000.0,0,2009 Q1
2009,Q2,Tobacco,02.2,ADFN,02CN,https://www.ons.gov.uk/search?q=ADFN,4131000000.0,0,2009 Q2
2009,Q3,Tobacco,02.2,ADFN,02CN,https://www.ons.gov.uk/search?q=ADFN,4127000000.0,0,2009 Q3
2009,Q4,Tobacco,02.2,ADFN,02CN,https://www.ons.gov.uk/search?q=ADFN,4090000000.0,0,2009 Q4
2010,Q1,Tobacco,02.2,ADFN,02CN,https://www.ons.gov.uk/search?q=ADFN,4258000000.0,0,2010 Q1
2010,Q2,Tobacco,02.2,ADFN,02CN,https://www.ons.gov.uk/search?q=ADFN,4360000000.0,0,2010 Q2
2010,Q3,Tobacco,02.2,ADFN,02CN,https://www.ons.gov.uk/search?q=ADFN,4330000000.0,0,2010 Q3
2010,Q4,Tobacco,02.2,ADFN,02CN,https://www.ons.gov.uk/search?q=ADFN,4340000000.0,0,2010 Q4
2011,Q1,Tobacco,02.2,ADFN,02CN,https://www.ons.gov.uk/search?q=ADFN,4462000000.0,0,2011 Q1
2011,Q2,Tobacco,02.2,ADFN,02CN,https://www.ons.gov.uk/search?q=ADFN,4615000000.0,0,2011 Q2
2011,Q3,Tobacco,02.2,ADFN,02CN,https://www.ons.gov.uk/search?q=ADFN,4613000000.0,0,2011 Q3
2011,Q4,Tobacco,02.2,ADFN,02CN,https://www.ons.gov.uk/search?q=ADFN,4605000000.0,0,2011 Q4
2012,Q1,Tobacco,02.2,ADFN,02CN,https://www.ons.gov.uk/search?q=ADFN,4579000000.0,0,2012 Q1
2012,Q2,Tobacco,02.2,ADFN,02CN,https://www.ons.gov.uk/search?q=ADFN,4725000000.0,0,2012 Q2
2012,Q3,Tobacco,02.2,ADFN,02CN,https://www.ons.gov.uk/search?q=ADFN,4736000000.0,0,2012 Q3
2012,Q4,Tobacco,02.2,ADFN,02CN,https://www.ons.gov.uk/search?q=ADFN,4740000000.0,0,2012 Q4
2013,Q1,Tobacco,02.2,ADFN,02CN,https://www.ons.gov.uk/search?q=ADFN,4740000000.0,0,2013 Q1
2013,Q2,Tobacco,02.2,ADFN,02CN,https://www.ons.gov.uk/search?q=ADFN,4717000000.0,0,2013 Q2
2013,Q3,Tobacco,02.2,ADFN,02CN,https://www.ons.gov.uk/search?q=ADFN,4737000000.0,0,2013 Q3
2013,Q4,Tobacco,02.2,ADFN,02CN,https://www.ons.gov.uk/search?q=ADFN,4773000000.0,0,2013 Q4
2014,Q1,Tobacco,02.2,ADFN,02CN,https://www.ons.gov.uk/search?q=ADFN,4823000000.0,0,2014 Q1
2014,Q2,Tobacco,02.2,ADFN,02CN,https://www.ons.gov.uk/search?q=ADFN,5026000000.0,0,2014 Q2
2014,Q3,Tobacco,02.2,ADFN,02CN,https://www.ons.gov.uk/search?q=ADFN,5046000000.0,0,2014 Q3
2014,Q4,Tobacco,02.2,ADFN,02CN,https://www.ons.gov.uk/search?q=ADFN,5013000000.0,0,2014 Q4
2015,Q1,Tobacco,02.2,ADFN,02CN,https://www.ons.gov.uk/search?q=ADFN,4854000000.0,0,2015 Q1
2015,Q2,Tobacco,02.2,ADFN,02CN,https://www.ons.gov.uk/search?q=ADFN,4835000000.0,0,2015 Q2
2015,Q3,Tobacco,02.2,ADFN,02CN,https://www.ons.gov.uk/search?q=ADFN,4791000000.0,0,2015 Q3
2015,Q4,Tobacco,02.2,ADFN,02CN,https://www.ons.gov.uk/search?q=ADFN,4770000000.0,0,2015 Q4
2016,Q1,Tobacco,02.2,ADFN,02CN,https://www.ons.gov.uk/search?q=ADFN,4760000000.0,0,2016 Q1
2016,Q2,Tobacco,02.2,ADFN,02CN,https://www.ons.gov.uk/search?q=ADFN,4768000000.0,0,2016 Q2
2016,Q3,Tobacco,02.2,ADFN,02CN,https://www.ons.gov.uk/search?q=ADFN,4788000000.0,0,2016 Q3
2016,Q4,Tobacco,02.2,ADFN,02CN,https://www.ons.gov.uk/search?q=ADFN,4823000000.0,0,2016 Q4
2017,Q1,Tobacco,02.2,ADFN,02CN,https://www.ons.gov.uk/search?q=ADFN,4875000000.0,0,2017 Q1
2017,Q2,Tobacco,02.2,ADFN,02CN,https://www.ons.gov.uk/search?q=ADFN,4927000000.0,0,2017 Q2
2017,Q3,Tobacco,02.2,ADFN,02CN,https://www.ons.gov.uk/search?q=ADFN,4976000000.0,0,2017 Q3
2017,Q4,Tobacco,02.2,ADFN,02CN,https://www.ons.gov.uk/search?q=ADFN,5030000000.0,0,2017 Q4
2018,Q1,Tobacco,02.2,ADFN,02CN,https://www.ons.gov.uk/search?q=ADFN,5121000000.0,0,2018 Q1
2018,Q2,Tobacco,02.2,ADFN,02CN,https://www.ons.gov.uk/search?q=ADFN,5100000000.0,0,2018 Q2
2018,Q3,Tobacco,02.2,ADFN,02CN,https://www.ons.gov.uk/search?q=ADFN,5304000000.0,0,2018 Q3
2018,Q4,Tobacco,02.2,ADFN,02CN,https://www.ons.gov.uk/search?q=ADFN,5392000000.0,0,2018 Q4
2019,Q1,Tobacco,02.2,ADFN,02CN,https://www.ons.gov.uk/search?q=ADFN,5412000000.0,0,2019 Q1
2019,Q2,Tobacco,02.2,ADFN,02CN,https://www.ons.gov.uk/search?q=ADFN,5247000000.0,0,2019 Q2
2019,Q3,Tobacco,02.2,ADFN,02CN,https://www.ons.gov.uk/search?q=ADFN,5305000000.0,0,2019 Q3
2019,Q4,Tobacco,02.2,ADFN,02CN,https://www.ons.gov.uk/search?q=ADFN,5321000000.0,0,2019 Q4
2020,Q1,Tobacco,02.2,ADFN,02CN,https://www.ons.gov.uk/search?q=ADFN,5418000000.0,0,2020 Q1
2020,Q2,Tobacco,02.2,ADFN,02CN,https://www.ons.gov.uk/search?q=ADFN,5851000000.0,0,2020 Q2
2020,Q3,Tobacco,02.2,ADFN,02CN,https://www.ons.gov.uk/search?q=ADFN,5966000000.0,0,2020 Q3
2020,Q4,Tobacco,02.2,ADFN,02CN,https://www.ons.gov.uk/search?q=ADFN,6034000000.0,0,2020 Q4
2021,Q1,Tobacco,02.2,ADFN,02CN,https://www.ons.gov.uk/search?q=ADFN,6076000000.0,0,2021 Q1
2021,Q2,Tobacco,02.2,ADFN,02CN,https://www.ons.gov.uk/search?q=ADFN,6097000000.0,0,2021 Q2
2021,Q3,Tobacco,02.2,ADFN,02CN,https://www.ons.gov.uk/search?q=ADFN,6023000000.0,0,2021 Q3
2021,Q4,Tobacco,02.2,ADFN,02CN,https://www.ons.gov.uk/search?q=ADFN,6052000000.0,0,2021 Q4
2022,Q1,Tobacco,02.2,ADFN,02CN,https://www.ons.gov.uk/search?q=ADFN,6243000000.0,0,2022 Q1
2022,Q2,Tobacco,02.2,ADFN,02CN,https://www.ons.gov.uk/search?q=ADFN,6264000000.0,0,2022 Q2
2022,Q3,Tobacco,02.2,ADFN,02CN,https://www.ons.gov.uk/search?q=ADFN,6298000000.0,0,2022 Q3
2022,Q4,Tobacco,02.2,ADFN,02CN,https://www.ons.gov.uk/search?q=ADFN,6329000000.0,0,2022 Q4
1997,Q1,Narcotics,02.3,MNC2,02CN,https://www.ons.gov.uk/search?q=MNC2,2118000000.0,0,1997 Q1
1997,Q2,Narcotics,02.3,MNC2,02CN,https://www.ons.gov.uk/search?q=MNC2,2107000000.0,0,1997 Q2
1997,Q3,Narcotics,02.3,MNC2,02CN,https://www.ons.gov.uk/search?q=MNC2,2084000000.0,0,1997 Q3
1997,Q4,Narcotics,02.3,MNC2,02CN,https://www.ons.gov.uk/search?q=MNC2,2049000000.0,0,1997 Q4
1998,Q1,Narcotics,02.3,MNC2,02CN,https://www.ons.gov.uk/search?q=MNC2,2009000000.0,0,1998 Q1
1998,Q2,Narcotics,02.3,MNC2,02CN,https://www.ons.gov.uk/search?q=MNC2,1969000000.0,0,1998 Q2
1998,Q3,Narcotics,02.3,MNC2,02CN,https://www.ons.gov.uk/search?q=MNC2,1935000000.0,0,1998 Q3
1998,Q4,Narcotics,02.3,MNC2,02CN,https://www.ons.gov.uk/search?q=MNC2,1911000000.0,0,1998 Q4
1999,Q1,Narcotics,02.3,MNC2,02CN,https://www.ons.gov.uk/search?q=MNC2,1894000000.0,0,1999 Q1
1999,Q2,Narcotics,02.3,MNC2,02CN,https://www.ons.gov.uk/search?q=MNC2,1886000000.0,0,1999 Q2
1999,Q3,Narcotics,02.3,MNC2,02CN,https://www.ons.gov.uk/search?q=MNC2,1884000000.0,0,1999 Q3
1999,Q4,Narcotics,02.3,MNC2,02CN,https://www.ons.gov.uk/search?q=MNC2,1886000000.0,0,1999 Q4
2000,Q1,Narcotics,02.3,MNC2,02CN,https://www.ons.gov.uk/search?q=MNC2,1890000000.0,0,2000 Q1
2000,Q2,Narcotics,02.3,MNC2,02CN,https://www.ons.gov.uk/search?q=MNC2,1894000000.0,0,2000 Q2
2000,Q3,Narcotics,02.3,MNC2,02CN,https://www.ons.gov.uk/search?q=MNC2,1895000000.0,0,2000 Q3
2000,Q4,Narcotics,02.3,MNC2,02CN,https://www.ons.gov.uk/search?q=MNC2,1890000000.0,0,2000 Q4
2001,Q1,Narcotics,02.3,MNC2,02CN,https://www.ons.gov.uk/search?q=MNC2,1880000000.0,0,2001 Q1
2001,Q2,Narcotics,02.3,MNC2,02CN,https://www.ons.gov.uk/search?q=MNC2,1864000000.0,0,2001 Q2
2001,Q3,Narcotics,02.3,MNC2,02CN,https://www.ons.gov.uk/search?q=MNC2,1842000000.0,0,2001 Q3
2001,Q4,Narcotics,02.3,MNC2,02CN,https://www.ons.gov.uk/search?q=MNC2,1814000000.0,0,2001 Q4
2002,Q1,Narcotics,02.3,MNC2,02CN,https://www.ons.gov.uk/search?q=MNC2,1776000000.0,0,2002 Q1
2002,Q2,Narcotics,02.3,MNC2,02CN,https://www.ons.gov.uk/search?q=MNC2,1727000000.0,0,2002 Q2
2002,Q3,Narcotics,02.3,MNC2,02CN,https://www.ons.gov.uk/search?q=MNC2,1663000000.0,0,2002 Q3
2002,Q4,Narcotics,02.3,MNC2,02CN,https://www.ons.gov.uk/search?q=MNC2,1587000000.0,0,2002 Q4
2003,Q1,Narcotics,02.3,MNC2,02CN,https://www.ons.gov.uk/search?q=MNC2,1506000000.0,0,2003 Q1
2003,Q2,Narcotics,02.3,MNC2,02CN,https://www.ons.gov.uk/search?q=MNC2,1426000000.0,0,2003 Q2
2003,Q3,Narcotics,02.3,MNC2,02CN,https://www.ons.gov.uk/search?q=MNC2,1354000000.0,0,2003 Q3
2003,Q4,Narcotics,02.3,MNC2,02CN,https://www.ons.gov.uk/search?q=MNC2,1292000000.0,0,2003 Q4
2004,Q1,Narcotics,02.3,MNC2,02CN,https://www.ons.gov.uk/search?q=MNC2,1243000000.0,0,2004 Q1
2004,Q2,Narcotics,02.3,MNC2,02CN,https://www.ons.gov.uk/search?q=MNC2,1205000000.0,0,2004 Q2
2004,Q3,Narcotics,02.3,MNC2,02CN,https://www.ons.gov.uk/search?q=MNC2,1179000000.0,0,2004 Q3
2004,Q4,Narcotics,02.3,MNC2,02CN,https://www.ons.gov.uk/search?q=MNC2,1172000000.0,0,2004 Q4
2005,Q1,Narcotics,02.3,MNC2,02CN,https://www.ons.gov.uk/search?q=MNC2,1195000000.0,0,2005 Q1
2005,Q2,Narcotics,02.3,MNC2,02CN,https://www.ons.gov.uk/search?q=MNC2,1263000000.0,0,2005 Q2
2005,Q3,Narcotics,02.3,MNC2,02CN,https://www.ons.gov.uk/search?q=MNC2,1384000000.0,0,2005 Q3
2005,Q4,Narcotics,02.3,MNC2,02CN,https://www.ons.gov.uk/search?q=MNC2,1541000000.0,0,2005 Q4
2006,Q1,Narcotics,02.3,MNC2,02CN,https://www.ons.gov.uk/search?q=MNC2,1686000000.0,0,2006 Q1
2006,Q2,Narcotics,02.3,MNC2,02CN,https://www.ons.gov.uk/search?q=MNC2,1775000000.0,0,2006 Q2
2006,Q3,Narcotics,02.3,MNC2,02CN,https://www.ons.gov.uk/search?q=MNC2,1763000000.0,0,2006 Q3
2006,Q4,Narcotics,02.3,MNC2,02CN,https://www.ons.gov.uk/search?q=MNC2,1653000000.0,0,2006 Q4
2007,Q1,Narcotics,02.3,MNC2,02CN,https://www.ons.gov.uk/search?q=MNC2,1491000000.0,0,2007 Q1
2007,Q2,Narcotics,02.3,MNC2,02CN,https://www.ons.gov.uk/search?q=MNC2,1322000000.0,0,2007 Q2
2007,Q3,Narcotics,02.3,MNC2,02CN,https://www.ons.gov.uk/search?q=MNC2,1201000000.0,0,2007 Q3
2007,Q4,Narcotics,02.3,MNC2,02CN,https://www.ons.gov.uk/search?q=MNC2,1152000000.0,0,2007 Q4
2008,Q1,Narcotics,02.3,MNC2,02CN,https://www.ons.gov.uk/search?q=MNC2,1174000000.0,0,2008 Q1
2008,Q2,Narcotics,02.3,MNC2,02CN,https://www.ons.gov.uk/search?q=MNC2,1262000000.0,0,2008 Q2
2008,Q3,Narcotics,02.3,MNC2,02CN,https://www.ons.gov.uk/search?q=MNC2,1409000000.0,0,2008 Q3
2008,Q4,Narcotics,02.3,MNC2,02CN,https://www.ons.gov.uk/search?q=MNC2,1582000000.0,0,2008 Q4
2009,Q1,Narcotics,02.3,MNC2,02CN,https://www.ons.gov.uk/search?q=MNC2,1728000000.0,0,2009 Q1
2009,Q2,Narcotics,02.3,MNC2,02CN,https://www.ons.gov.uk/search?q=MNC2,1790000000.0,0,2009 Q2
2009,Q3,Narcotics,02.3,MNC2,02CN,https://www.ons.gov.uk/search?q=MNC2,1722000000.0,0,2009 Q3
2009,Q4,Narcotics,02.3,MNC2,02CN,https://www.ons.gov.uk/search?q=MNC2,1541000000.0,0,2009 Q4
2010,Q1,Narcotics,02.3,MNC2,02CN,https://www.ons.gov.uk/search?q=MNC2,1336000000.0,0,2010 Q1
2010,Q2,Narcotics,02.3,MNC2,02CN,https://www.ons.gov.uk/search?q=MNC2,1200000000.0,0,2010 Q2
2010,Q3,Narcotics,02.3,MNC2,02CN,https://www.ons.gov.uk/search?q=MNC2,1224000000.0,0,2010 Q3
2010,Q4,Narcotics,02.3,MNC2,02CN,https://www.ons.gov.uk/search?q=MNC2,1403000000.0,0,2010 Q4
2011,Q1,Narcotics,02.3,MNC2,02CN,https://www.ons.gov.uk/search?q=MNC2,1643000000.0,0,2011 Q1
2011,Q2,Narcotics,02.3,MNC2,02CN,https://www.ons.gov.uk/search?q=MNC2,1842000000.0,0,2011 Q2
2011,Q3,Narcotics,02.3,MNC2,02CN,https://www.ons.gov.uk/search?q=MNC2,1907000000.0,0,2011 Q3
2011,Q4,Narcotics,02.3,MNC2,02CN,https://www.ons.gov.uk/search?q=MNC2,1822000000.0,0,2011 Q4
2012,Q1,Narcotics,02.3,MNC2,02CN,https://www.ons.gov.uk/search?q=MNC2,1651000000.0,0,2012 Q1
2012,Q2,Narcotics,02.3,MNC2,02CN,https://www.ons.gov.uk/search?q=MNC2,1470000000.0,0,2012 Q2
2012,Q3,Narcotics,02.3,MNC2,02CN,https://www.ons.gov.uk/search?q=MNC2,1345000000.0,0,2012 Q3
2012,Q4,Narcotics,02.3,MNC2,02CN,https://www.ons.gov.uk/search?q=MNC2,1298000000.0,0,2012 Q4
2013,Q1,Narcotics,02.3,MNC2,02CN,https://www.ons.gov.uk/search?q=MNC2,1302000000.0,0,2013 Q1
2013,Q2,Narcotics,02.3,MNC2,02CN,https://www.ons.gov.uk/search?q=MNC2,1318000000.0,0,2013 Q2
2013,Q3,Narcotics,02.3,MNC2,02CN,https://www.ons.gov.uk/search?q=MNC2,1316000000.0,0,2013 Q3
2013,Q4,Narcotics,02.3,MNC2,02CN,https://www.ons.gov.uk/search?q=MNC2,1284000000.0,0,2013 Q4
2014,Q1,Narcotics,02.3,MNC2,02CN,https://www.ons.gov.uk/search?q=MNC2,1226000000.0,0,2014 Q1
2014,Q2,Narcotics,02.3,MNC2,02CN,https://www.ons.gov.uk/search?q=MNC2,1154000000.0,0,2014 Q2
2014,Q3,Narcotics,02.3,MNC2,02CN,https://www.ons.gov.uk/search?q=MNC2,1076000000.0,0,2014 Q3
2014,Q4,Narcotics,02.3,MNC2,02CN,https://www.ons.gov.uk/search?q=MNC2,996000000.0,0,2014 Q4
2015,Q1,Narcotics,02.3,MNC2,02CN,https://www.ons.gov.uk/search?q=MNC2,920000000.0,0,2015 Q1
2015,Q2,Narcotics,02.3,MNC2,02CN,https://www.ons.gov.uk/search?q=MNC2,856000000.0,0,2015 Q2
2015,Q3,Narcotics,02.3,MNC2,02CN,https://www.ons.gov.uk/search?q=MNC2,806000000.0,0,2015 Q3
2015,Q4,Narcotics,02.3,MNC2,02CN,https://www.ons.gov.uk/search?q=MNC2,771000000.0,0,2015 Q4
2016,Q1,Narcotics,02.3,MNC2,02CN,https://www.ons.gov.uk/search?q=MNC2,750000000.0,0,2016 Q1
2016,Q2,Narcotics,02.3,MNC2,02CN,https://www.ons.gov.uk/search?q=MNC2,747000000.0,0,2016 Q2
2016,Q3,Narcotics,02.3,MNC2,02CN,https://www.ons.gov.uk/search?q=MNC2,759000000.0,0,2016 Q3
2016,Q4,Narcotics,02.3,MNC2,02CN,https://www.ons.gov.uk/search?q=MNC2,780000000.0,0,2016 Q4
2017,Q1,Narcotics,02.3,MNC2,02CN,https://www.ons.gov.uk/search?q=MNC2,980000000.0,0,2017 Q1
2017,Q2,Narcotics,02.3,MNC2,02CN,https://www.ons.gov.uk/search?q=MNC2,1076000000.0,0,2017 Q2
2017,Q3,Narcotics,02.3,MNC2,02CN,https://www.ons.gov.uk/search?q=MNC2,1126000000.0,0,2017 Q3
2017,Q4,Narcotics,02.3,MNC2,02CN,https://www.ons.gov.uk/search?q=MNC2,1122000000.0,0,2017 Q4
2018,Q1,Narcotics,02.3,MNC2,02CN,https://www.ons.gov.uk/search?q=MNC2,1087000000.0,0,2018 Q1
2018,Q2,Narcotics,02.3,MNC2,02CN,https://www.ons.gov.uk/search?q=MNC2,1019000000.0,0,2018 Q2
2018,Q3,Narcotics,02.3,MNC2,02CN,https://www.ons.gov.uk/search?q=MNC2,998000000.0,0,2018 Q3
2018,Q4,Narcotics,02.3,MNC2,02CN,https://www.ons.gov.uk/search?q=MNC2,969000000.0,0,2018 Q4
2019,Q1,Narcotics,02.3,MNC2,02CN,https://www.ons.gov.uk/search?q=MNC2,940000000.0,0,2019 Q1
2019,Q2,Narcotics,02.3,MNC2,02CN,https://www.ons.gov.uk/search?q=MNC2,923000000.0,0,2019 Q2
2019,Q3,Narcotics,02.3,MNC2,02CN,https://www.ons.gov.uk/search?q=MNC2,896000000.0,0,2019 Q3
2019,Q4,Narcotics,02.3,MNC2,02CN,https://www.ons.gov.uk/search?q=MNC2,865000000.0,0,2019 Q4
2020,Q1,Narcotics,02.3,MNC2,02CN,https://www.ons.gov.uk/search?q=MNC2,833000000.0,0,2020 Q1
2020,Q2,Narcotics,02.3,MNC2,02CN,https://www.ons.gov.uk/search?q=MNC2,517000000.0,0,2020 Q2
2020,Q3,Narcotics,02.3,MNC2,02CN,https://www.ons.gov.uk/search?q=MNC2,687000000.0,0,2020 Q3
2020,Q4,Narcotics,02.3,MNC2,02CN,https://www.ons.gov.uk/search?q=MNC2,675000000.0,0,2020 Q4
2021,Q1,Narcotics,02.3,MNC2,02CN,https://www.ons.gov.uk/search?q=MNC2,636000000.0,0,2021 Q1
2021,Q2,Narcotics,02.3,MNC2,02CN,https://www.ons.gov.uk/search?q=MNC2,690000000.0,0,2021 Q2
2021,Q3,Narcotics,02.3,MNC2,02CN,https://www.ons.gov.uk/search?q=MNC2,680000000.0,0,2021 Q3
2021,Q4,Narcotics,02.3,MNC2,02CN,https://www.ons.gov.uk/search?q=MNC2,669000000.0,0,2021 Q4
2022,Q1,Narcotics,02.3,MNC2,02CN,https://www.ons.gov.uk/search?q=MNC2,684000000.0,0,2022 Q1
2022,Q2,Narcotics,02.3,MNC2,02CN,https://www.ons.gov.uk/search?q=MNC2,673000000.0,0,2022 Q2
2022,Q3,Narcotics,02.3,MNC2,02CN,https://www.ons.gov.uk/search?q=MNC2,657000000.0,0,2022 Q3
2022,Q4,Narcotics,02.3,MNC2,02CN,https://www.ons.gov.uk/search?q=MNC2,647000000.0,0,2022 Q4
